Frame,Sub Frame,"Reconstruction Position - Unlabeled Track (510)",,
,,"TX","TY","TZ"
Frames,Frames,"mm","mm","mm"
1,0,"635.379","-3.50847","1242.3"
2,0,"635.407","-3.58307","1242.33"
3,0,"635.418","-3.64429","1242.33"
4,0,"635.424","-3.70183","1242.34"
5,0,"635.422","-3.75376","1242.34"
6,0,"635.397","-3.79821","1242.34"
7,0,"635.378","-3.8339","1242.35"
8,0,"635.353","-3.87572","1242.39"
9,0,"635.322","-3.91698","1242.44"
10,0,"635.3","-3.9605","1242.51"
11,0,"635.294","-4.00828","1242.59"
12,0,"635.27","-4.03871","1242.66"
13,0,"635.252","-4.0786","1242.73"
14,0,"635.224","-4.10913","1242.79"
15,0,"635.216","-4.14661","1242.84"
16,0,"635.2","-4.17384","1242.87"
17,0,"635.191","-4.19727","1242.9"
18,0,"635.169","-4.20993","1242.93"
19,0,"635.159","-4.23133","1242.94"
20,0,"635.148","-4.24718","1242.96"
21,0,"635.131","-4.25582","1242.97"
22,0,"635.11","-4.27572","1242.97"
23,0,"635.109","-4.29324","1242.98"
24,0,"635.1","-4.31892","1242.99"
25,0,"635.092","-4.34069","1243.01"
26,0,"635.093","-4.37165","1243.02"
27,0,"635.086","-4.38748","1243.04"
28,0,"635.082","-4.41745","1243.07"
29,0,"635.077","-4.43995","1243.11"
30,0,"635.078","-4.45764","1243.15"
31,0,"635.084","-4.47428","1243.19"
32,0,"635.089","-4.47931","1243.23"
33,0,"635.103","-4.49451","1243.28"
34,0,"635.126","-4.49717","1243.32"
35,0,"635.144","-4.50938","1243.35"
36,0,"635.179","-4.51581","1243.38"
37,0,"635.204","-4.52576","1243.4"
38,0,"635.241","-4.5282","1243.41"
39,0,"635.273","-4.52912","1243.43"
40,0,"635.309","-4.5378","1243.43"
41,0,"635.335","-4.5415","1243.45"
42,0,"635.361","-4.55492","1243.47"
43,0,"635.384","-4.5602","1243.47"
44,0,"635.407","-4.5668","1243.49"
45,0,"635.444","-4.54543","1243.48"
46,0,"635.478","-4.50683","1243.47"
47,0,"635.513","-4.46643","1243.45"
48,0,"635.551","-4.43987","1243.44"
49,0,"635.594","-4.43128","1243.45"
50,0,"635.639","-4.43228","1243.44"
51,0,"635.692","-4.4419","1243.43"
52,0,"635.739","-4.44849","1243.43"
53,0,"635.79","-4.44375","1243.42"
54,0,"635.815","-4.43023","1243.39"
55,0,"635.833","-4.40184","1243.37"
56,0,"635.847","-4.36159","1243.36"
57,0,"635.858","-4.33028","1243.35"
58,0,"635.864","-4.30664","1243.36"
59,0,"635.864","-4.28585","1243.37"
60,0,"635.871","-4.26083","1243.4"
61,0,"635.878","-4.23795","1243.42"
62,0,"635.895","-4.21017","1243.44"
63,0,"635.906","-4.18189","1243.46"
64,0,"635.913","-4.14533","1243.46"
65,0,"635.916","-4.10901","1243.46"
66,0,"635.924","-4.06272","1243.46"
67,0,"635.938","-4.01628","1243.44"
68,0,"635.943","-3.96323","1243.43"
69,0,"635.952","-3.91646","1243.42"
70,0,"635.96","-3.87108","1243.4"
71,0,"635.969","-3.82616","1243.39"
72,0,"635.979","-3.78632","1243.38"
73,0,"635.99","-3.75261","1243.37"
74,0,"636.006","-3.72159","1243.36"
75,0,"636.023","-3.69466","1243.36"
76,0,"636.036","-3.65484","1243.36"
77,0,"636.048","-3.62156","1243.37"
78,0,"636.052","-3.58812","1243.39"
79,0,"636.062","-3.554","1243.39"
80,0,"636.068","-3.51994","1243.4"
81,0,"636.075","-3.49606","1243.41"
82,0,"636.087","-3.47238","1243.41"
83,0,"636.094","-3.45107","1243.41"
84,0,"636.106","-3.42529","1243.42"
85,0,"636.114","-3.40206","1243.42"
86,0,"636.119","-3.37603","1243.42"
87,0,"636.129","-3.34902","1243.42"
88,0,"636.123","-3.32385","1243.41"
89,0,"636.126","-3.30683","1243.42"
90,0,"636.131","-3.29746","1243.43"
91,0,"636.118","-3.29551","1243.42"
92,0,"636.11","-3.29795","1243.42"
93,0,"636.109","-3.28692","1243.4"
94,0,"636.105","-3.25647","1243.36"
95,0,"636.103","-3.22776","1243.32"
96,0,"636.096","-3.2118","1243.28"
97,0,"636.1","-3.20524","1243.25"
98,0,"636.101","-3.2196","1243.21"
99,0,"636.113","-3.23239","1243.18"
100,0,"636.139","-3.24805","1243.14"
101,0,"636.147","-3.26468","1243.1"
102,0,"636.143","-3.2755","1243.06"
103,0,"636.139","-3.27335","1243.03"
104,0,"636.137","-3.27163","1243.02"
105,0,"636.145","-3.2662","1243.01"
106,0,"636.135","-3.26418","1243.02"
107,0,"636.13","-3.27714","1243.04"
108,0,"636.129","-3.28566","1243.06"
109,0,"636.123","-3.28235","1243.08"
110,0,"636.123","-3.28071","1243.09"
111,0,"636.122","-3.27576","1243.1"
112,0,"636.12","-3.27707","1243.1"
113,0,"636.12","-3.25802","1243.09"
114,0,"636.122","-3.24978","1243.08"
115,0,"636.128","-3.2246","1243.06"
116,0,"636.125","-3.19845","1243.03"
117,0,"636.122","-3.17965","1243"
118,0,"636.122","-3.16044","1242.98"
119,0,"636.126","-3.14627","1242.96"
120,0,"636.121","-3.1365","1242.94"
121,0,"636.118","-3.12762","1242.93"
122,0,"636.11","-3.1311","1242.92"
123,0,"636.101","-3.1373","1242.92"
124,0,"636.092","-3.1513","1242.93"
125,0,"636.075","-3.1631","1242.94"
126,0,"636.044","-3.17706","1242.94"
127,0,"636.008","-3.19801","1242.95"
128,0,"635.955","-3.2205","1242.97"
129,0,"635.871","-3.24816","1242.98"
130,0,"635.775","-3.27691","1242.98"
131,0,"635.644","-3.31922","1242.99"
132,0,"635.48","-3.36772","1242.99"
133,0,"635.284","-3.4069","1242.99"
134,0,"635.049","-3.44816","1242.97"
135,0,"634.766","-3.49648","1242.96"
136,0,"634.423","-3.54461","1242.96"
137,0,"634.024","-3.62408","1242.96"
138,0,"633.58","-3.70129","1242.98"
139,0,"633.074","-3.79071","1243.01"
140,0,"632.471","-3.88564","1243.04"
141,0,"631.787","-3.96623","1243.09"
142,0,"631.006","-4.06518","1243.15"
143,0,"630.128","-4.15986","1243.22"
144,0,"629.144","-4.27057","1243.3"
145,0,"628.039","-4.41546","1243.37"
146,0,"626.822","-4.53948","1243.44"
147,0,"625.494","-4.70187","1243.47"
148,0,"624.054","-4.8723","1243.48"
149,0,"622.495","-5.05209","1243.45"
150,0,"620.805","-5.22594","1243.33"
151,0,"618.974","-5.38954","1243.15"
152,0,"617.039","-5.5496","1242.92"
153,0,"614.962","-5.70949","1242.66"
154,0,"612.802","-5.85902","1242.38"
155,0,"610.514","-6.04298","1242.08"
156,0,"608.128","-6.2128","1241.78"
157,0,"605.639","-6.41194","1241.49"
158,0,"603.06","-6.59287","1241.23"
159,0,"600.384","-6.79952","1241.02"
160,0,"597.592","-7.0439","1240.82"
161,0,"594.683","-7.31609","1240.7"
162,0,"591.654","-7.64688","1240.62"
163,0,"588.523","-8.02443","1240.63"
164,0,"585.307","-8.46873","1240.67"
165,0,"582.024","-8.96721","1240.77"
166,0,"578.758","-9.46066","1240.85"
167,0,"575.537","-9.98446","1240.93"
168,0,"572.858","-10.2292","1240.79"
169,0,"570.281","-10.4729","1240.65"
170,0,"567.237","-11.0863","1240.67"
171,0,"564.257","-11.745","1240.66"
172,0,"561.333","-12.4846","1240.58"
173,0,"558.484","-13.2732","1240.44"
174,0,"555.7","-14.1153","1240.19"
175,0,"553.032","-14.994","1239.85"
176,0,"550.497","-15.9413","1239.38"
177,0,"548.133","-16.9112","1238.81"
178,0,"545.965","-17.9325","1238.11"
179,0,"543.962","-19.02","1237.31"
180,0,"542.128","-20.1926","1236.45"
181,0,"540.654","-21.3217","1235.38"
182,0,"538.639","-22.8961","1234.57"
183,0,"537.094","-24.3274","1233.62"
184,0,"535.623","-25.8166","1232.65"
185,0,"534.226","-27.3834","1231.68"
186,0,"532.897","-29.0383","1230.73"
187,0,"531.626","-30.784","1229.78"
188,0,"530.467","-32.6421","1228.81"
189,0,"529.369","-34.5868","1227.82"
190,0,"528.403","-36.6288","1226.81"
191,0,"527.514","-38.7684","1225.78"
192,0,"526.731","-41.0103","1224.75"
193,0,"526.019","-43.3666","1223.71"
194,0,"525.389","-45.8818","1222.64"
195,0,"524.828","-48.4974","1221.52"
196,0,"524.334","-51.211","1220.32"
197,0,"523.933","-54.0549","1219.03"
198,0,"523.607","-57.0346","1217.68"
199,0,"523.223","-60.2804","1216.31"
200,0,"522.932","-63.7124","1214.77"
201,0,"523.02","-66.2423","1212.51"
202,0,"522.919","-69.4067","1210.48"
203,0,"522.803","-72.5718","1208.33"
204,0,"522.753","-75.8219","1206.05"
205,0,"522.677","-79.0351","1203.65"
206,0,"522.537","-82.2611","1201.11"
207,0,"522.46","-85.5003","1198.43"
208,0,"522.375","-88.7728","1195.67"
209,0,"522.272","-92.0442","1192.79"
210,0,"522.21","-95.3375","1189.8"
211,0,"522.224","-98.6715","1186.74"
212,0,"522.248","-102.071","1183.53"
213,0,"522.296","-105.483","1180.22"
214,0,"522.412","-109","1176.85"
215,0,"522.509","-112.568","1173.37"
216,0,"522.412","-116.694","1170.1"
217,0,"522.681","-120.42","1166.59"
218,0,"523.014","-124.065","1163.02"
219,0,"523.27","-127.695","1159.45"
220,0,"523.495","-131.476","1156.01"
221,0,"523.608","-135.23","1152.64"
222,0,"523.708","-139.055","1149.4"
223,0,"523.739","-142.849","1146.2"
224,0,"523.758","-146.681","1143.08"
225,0,"523.724","-150.547","1140.16"
226,0,"523.724","-154.408","1137.4"
227,0,"523.803","-158.31","1134.81"
228,0,"523.957","-162.163","1132.3"
229,0,"524.166","-165.99","1129.89"
230,0,"524.441","-169.744","1127.52"
231,0,"524.778","-173.494","1125.25"
232,0,"525.207","-177.248","1123.09"
233,0,"525.727","-180.975","1121"
234,0,"526.349","-184.662","1118.96"
235,0,"527.113","-188.317","1116.94"
236,0,"527.984","-191.896","1114.95"
237,0,"528.921","-195.441","1113"
238,0,"529.816","-198.811","1111.1"
239,0,"530.719","-202.039","1109.26"
240,0,"531.527","-205.096","1107.54"
241,0,"532.241","-207.951","1105.93"
242,0,"532.855","-210.579","1104.48"
243,0,"533.363","-213.001","1103.2"
244,0,"533.84","-215.24","1102.1"
245,0,"534.303","-217.205","1101.11"
246,0,"534.712","-218.971","1100.2"
247,0,"535.195","-220.568","1099.39"
248,0,"535.613","-221.959","1098.65"
249,0,"536.043","-223.184","1098.07"
250,0,"536.415","-224.3","1097.55"
251,0,"536.775","-225.337","1097.13"
252,0,"537.126","-226.262","1096.79"
253,0,"537.498","-227.083","1096.53"
254,0,"537.832","-227.819","1096.29"
255,0,"538.173","-228.461","1096.08"
256,0,"538.516","-229.03","1095.94"
257,0,"538.785","-229.561","1095.8"
258,0,"539.031","-230.063","1095.7"
259,0,"539.236","-230.483","1095.6"
260,0,"539.396","-230.833","1095.47"
261,0,"539.538","-231.063","1095.35"
262,0,"539.666","-231.202","1095.22"
263,0,"539.76","-231.301","1095.12"
264,0,"539.802","-231.248","1095.04"
265,0,"539.788","-231.072","1095"
266,0,"539.789","-230.729","1094.97"
267,0,"539.753","-230.334","1094.91"
268,0,"539.735","-229.727","1094.88"
269,0,"539.648","-229.061","1094.83"
270,0,"539.627","-228.254","1094.85"
271,0,"539.58","-227.304","1094.86"
272,0,"539.534","-226.25","1094.91"
273,0,"539.515","-225.028","1094.98"
274,0,"539.498","-223.693","1095.06"
275,0,"539.57","-222.223","1095.17"
276,0,"539.653","-220.625","1095.25"
277,0,"539.767","-218.902","1095.34"
278,0,"539.95","-216.988","1095.5"
279,0,"540.135","-214.927","1095.69"
280,0,"540.348","-212.639","1095.96"
281,0,"540.633","-210.196","1096.31"
282,0,"540.951","-207.615","1096.7"
283,0,"541.243","-204.846","1097.12"
284,0,"541.585","-201.958","1097.65"
285,0,"541.9","-198.957","1098.21"
286,0,"542.253","-195.911","1098.77"
287,0,"542.633","-192.772","1099.33"
288,0,"543.003","-189.506","1099.91"
289,0,"543.356","-186.191","1100.5"
290,0,"543.746","-182.753","1101.1"
291,0,"544.145","-179.163","1101.75"
292,0,"544.532","-175.488","1102.42"
293,0,"544.979","-171.666","1103.12"
294,0,"545.45","-167.749","1103.82"
295,0,"545.954","-163.705","1104.5"
296,0,"546.561","-159.593","1105.17"
297,0,"547.246","-155.395","1105.81"
298,0,"547.957","-151.08","1106.46"
299,0,"548.729","-146.711","1107.08"
300,0,"549.549","-142.162","1107.76"
301,0,"550.377","-137.46","1108.45"
302,0,"551.185","-132.502","1109.2"
303,0,"551.963","-127.386","1109.98"
304,0,"552.712","-122.123","1110.81"
305,0,"553.395","-116.653","1111.62"
306,0,"554.106","-111.055","1112.44"
307,0,"554.777","-105.267","1113.29"
308,0,"555.429","-99.3679","1114.19"
309,0,"556.029","-93.2204","1115.09"
310,0,"556.587","-86.8848","1115.98"
311,0,"557.128","-80.3247","1116.9"
312,0,"557.641","-73.5693","1117.79"
313,0,"558.172","-66.6306","1118.61"
314,0,"558.675","-59.5206","1119.34"
315,0,"559.219","-52.25","1119.97"
316,0,"559.783","-44.8302","1120.5"
317,0,"560.404","-37.3099","1120.92"
318,0,"561.08","-29.6528","1121.29"
319,0,"561.826","-21.9291","1121.55"
320,0,"562.591","-14.1193","1121.68"
321,0,"563.341","-6.26091","1121.71"
322,0,"564.111","1.58137","1121.64"
323,0,"564.863","9.43113","1121.5"
324,0,"565.552","17.3007","1121.3"
325,0,"566.212","25.1141","1121.11"
326,0,"566.807","32.897","1120.87"
327,0,"567.381","40.5975","1120.7"
328,0,"567.949","48.2111","1120.56"
329,0,"568.428","55.7753","1120.42"
330,0,"568.787","63.3556","1120.18"
331,0,"569.035","70.8791","1119.95"
332,0,"569.142","78.4228","1119.75"
333,0,"569.082","85.9499","1119.64"
334,0,"568.874","93.4834","1119.64"
335,0,"568.546","100.942","1119.78"
336,0,"568.138","108.349","1120.02"
337,0,"567.654","115.643","1120.39"
338,0,"567.178","122.901","1120.87"
339,0,"566.72","130.061","1121.54"
340,0,"566.407","137.188","1122.37"
341,0,"566.238","144.317","1123.43"
342,0,"566.261","151.44","1124.72"
343,0,"566.411","158.574","1126.3"
344,0,"566.766","165.729","1128.15"
345,0,"567.309","172.828","1130.29"
346,0,"567.994","179.87","1132.75"
347,0,"568.875","186.904","1135.46"
348,0,"569.929","193.97","1138.46"
349,0,"571.174","201.01","1141.73"
350,0,"572.592","208.072","1145.25"
351,0,"574.157","215.133","1148.98"
352,0,"575.821","222.22","1152.91"
353,0,"577.566","229.353","1156.95"
354,0,"579.351","236.527","1161.07"
355,0,"581.171","243.798","1165.21"
356,0,"582.971","251.112","1169.39"
357,0,"584.761","258.463","1173.56"
358,0,"586.487","265.806","1177.77"
359,0,"588.053","273.098","1182.09"
360,0,"589.295","280.348","1186.58"
361,0,"590.253","287.609","1191.19"
362,0,"591.126","294.907","1195.83"
363,0,"592.023","302.189","1200.39"
364,0,"592.943","309.371","1204.74"
365,0,"593.875","316.268","1208.85"
366,0,"594.755","322.786","1212.58"
367,0,"596.716","329.371","1215.08"
368,0,"597.915","335.679","1218.03"
369,0,"599.059","341.863","1220.78"
370,0,"600.14","348.015","1223.37"
371,0,"601.215","354.177","1225.84"
372,0,"602.189","360.32","1228.04"
373,0,"603.154","366.52","1229.84"
374,0,"604.05","372.654","1231.33"
375,0,"604.918","378.747","1232.47"
376,0,"605.776","384.815","1233.24"
377,0,"606.631","390.799","1233.6"
378,0,"607.447","396.548","1233.57"
379,0,"608.291","402.13","1233.04"
380,0,"609.121","407.502","1232.13"
381,0,"609.937","412.871","1230.88"
382,0,"610.73","418.268","1229.29"
383,0,"611.458","423.747","1227.24"
384,0,"612.15","429.152","1224.78"
385,0,"612.82","434.409","1221.92"
386,0,"613.359","439.406","1218.82"
387,0,"613.796","444.18","1215.45"
388,0,"614.261","448.825","1211.8"
389,0,"614.73","453.209","1208.01"
390,0,"615.087","457.636","1204.18"
391,0,"615.337","461.94","1200.1"
392,0,"616.585","465.249","1195.62"
393,0,"617.126","468.905","1191.42"
394,0,"617.658","472.424","1187.21"
395,0,"618.285","475.755","1183.04"
396,0,"618.909","479.044","1178.79"
397,0,"619.516","482.215","1174.53"
398,0,"620.851","484.863","1169.89"
399,0,"621.405","488.043","1165.43"
400,0,"621.923","491.19","1160.99"
401,0,"622.601","494.244","1156.43"
402,0,"623.272","497.086","1151.92"
403,0,"624.074","499.766","1147.3"
404,0,"624.83","502.271","1142.65"
405,0,"625.568","504.447","1138.1"
406,0,"626.225","506.362","1133.6"
407,0,"626.828","507.984","1129.2"
408,0,"627.306","509.301","1125"
409,0,"627.698","510.341","1120.94"
410,0,"627.969","511.082","1117.1"
411,0,"628.159","511.635","1113.43"
412,0,"628.329","511.959","1109.97"
413,0,"628.427","512.045","1106.75"
414,0,"628.399","511.893","1103.8"
415,0,"628.331","511.544","1101.06"
416,0,"628.143","511.074","1098.54"
417,0,"627.872","510.344","1096.3"
418,0,"627.613","509.519","1094.32"
419,0,"627.26","508.413","1092.66"
420,0,"626.866","507.128","1091.3"
421,0,"626.424","505.699","1090.18"
422,0,"625.906","504.024","1089.41"
423,0,"625.336","502.157","1088.9"
424,0,"624.741","500.046","1088.68"
425,0,"624.074","497.688","1088.8"
426,0,"623.351","495.059","1089.28"
427,0,"622.631","492.228","1090.01"
428,0,"621.818","489.178","1091.09"
429,0,"620.969","485.888","1092.46"
430,0,"620.129","482.419","1094.07"
431,0,"619.319","478.76","1095.95"
432,0,"618.583","475.253","1097.97"
433,0,"617.936","471.896","1100.09"
434,0,"617.185","467.209","1102.31"
435,0,"616.605","462.677","1104.97"
436,0,"616.052","457.812","1107.85"
437,0,"615.71","452.162","1111.15"
438,0,"615.323","447.042","1113.99"
439,0,"615.059","441.176","1117.27"
440,0,"614.955","434.634","1120.84"
441,0,"614.915","428.319","1124.41"
442,0,"615.02","421.658","1127.93"
443,0,"615.257","414.718","1131.48"
444,0,"615.611","407.654","1134.98"
445,0,"616.977","401.493","1137.98"
446,0,"615.865","392.149","1142.76"
447,0,"617.23","385.812","1145.08"
448,0,"618.103","378.525","1148.16"
449,0,"619.495","371.567","1150.9"
450,0,"620.121","363.632","1153.88"
451,0,"621.114","355.727","1156.62"
452,0,"622.49","347.998","1158.93"
453,0,"623.668","339.931","1160.97"
454,0,"624.434","331.261","1163.02"
455,0,"624.342","321.717","1165"
456,0,"626.277","313.848","1165.86"
457,0,"626.974","304.922","1166.76"
458,0,"627.622","295.847","1167.35"
459,0,"628.14","286.795","1167.65"
460,0,"628.601","277.597","1167.86"
461,0,"629.068","268.271","1167.92"
462,0,"629.466","258.767","1167.97"
463,0,"629.751","249.067","1167.93"
464,0,"629.92","239.085","1167.82"
465,0,"629.893","228.719","1167.77"
466,0,"629.696","218.01","1167.9"
467,0,"629.364","206.93","1168.3"
468,0,"628.954","195.512","1169"
469,0,"628.516","183.611","1170.21"
470,0,"628.05","171.223","1172.07"
471,0,"627.558","158.214","1174.74"
472,0,"627.08","144.446","1178.27"
473,0,"626.887","129.591","1182.54"
474,0,"627.109","112.971","1186.93"
475,0,"627.057","94.8135","1192.3"
476,0,"627.475","76.1943","1198.32"
477,0,"628.347","57.3011","1205.46"
478,0,"629.8","37.9169","1213.84"
479,0,"631.922","18.1691","1223.46"
480,0,"634.915","-1.79387","1234.34"
481,0,"638.831","-21.5961","1246.42"
482,0,"643.582","-41.235","1259.42"
483,0,"648.955","-60.826","1273.29"
484,0,"654.988","-79.605","1287.07"
485,0,"661.528","-97.7232","1301.35"
486,0,"668.485","-115.016","1315.84"
487,0,"675.811","-131.648","1330.33"
488,0,"683.369","-147.696","1344.48"
489,0,"691.333","-163.494","1358.04"
490,0,"699.787","-179.08","1370.87"
491,0,"708.726","-194.33","1382.94"
492,0,"717.952","-209.257","1394.4"
493,0,"727.711","-223.294","1404.81"
494,0,"738.046","-236.876","1414.64"
495,0,"748.905","-249.881","1423.52"
496,0,"760.117","-262.332","1431.28"
497,0,"771.523","-274.252","1437.87"
498,0,"783.076","-285.616","1443.16"
499,0,"794.883","-296.63","1447.31"
500,0,"806.533","-306.12","1449.92"
501,0,"818.759","-314.663","1451.51"
502,0,"831.603","-321.617","1452.11"
503,0,"844.847","-326.951","1452.15"
504,0,"857.953","-331.049","1451.68"
505,0,"870.649","-333.994","1450.5"
506,0,"882.748","-335.705","1448.62"
507,0,"893.936","-336.269","1446.35"
508,0,"903.794","-335.915","1444.39"
509,0,"912.052","-335.01","1443.79"
510,0,"918.379","-333.694","1444.34"
511,0,"923.176","-332.48","1445.23"
512,0,"926.796","-331.423","1445.88"
513,0,"929.305","-330.722","1446.04"
514,0,"930.574","-330.738","1445.87"
515,0,"930.81","-332.229","1445.39"
516,0,"930.276","-335.432","1444.64"
517,0,"929.333","-339.894","1443.13"
518,0,"928.272","-344.888","1440.58"
519,0,"927.364","-349.976","1437.37"
520,0,"926.715","-355.291","1433.96"
521,0,"926.205","-361.157","1430.51"
522,0,"925.835","-367.797","1426.71"
523,0,"925.652","-375.116","1422.33"
524,0,"925.676","-383.186","1417.39"
525,0,"925.978","-392.1","1411.98"
526,0,"926.566","-401.805","1405.98"
527,0,"927.466","-412.238","1399.26"
528,0,"928.692","-423.463","1391.67"
529,0,"930.96","-435.022","1383.73"
530,0,"932.005","-448.221","1373.89"
531,0,"934.024","-461.86","1363.75"
532,0,"936.048","-476.773","1352.4"
533,0,"937.481","-492.539","1339.39"
534,0,"938.058","-508.058","1324.75"
535,0,"938.088","-522.62","1308.78"
536,0,"938.083","-536.237","1291.74"
537,0,"938.171","-549.27","1273.44"
538,0,"938.948","-562.009","1254.29"
539,0,"939.077","-574.156","1233.56"
540,0,"939.447","-585.81","1212.05"
541,0,"939.899","-596.739","1189.97"
542,0,"940.029","-606.564","1168.2"
543,0,"939.338","-614.72","1146.72"
544,0,"937.828","-620.592","1126.89"
545,0,"935.577","-625.102","1109.98"
546,0,"932.424","-629.333","1094.75"
547,0,"931.665","-635.851","1082.23"
548,0,"934.343","-645.76","1072.56"
549,0,"936.795","-655.446","1063.9"
550,0,"938.788","-664.523","1055.97"
551,0,"940.36","-672.908","1048.95"
552,0,"941.781","-680.59","1042.71"
553,0,"943.294","-687.563","1037.25"
554,0,"945.076","-694.011","1032.5"
555,0,"947.006","-700.103","1028.33"
556,0,"948.937","-705.986","1024.79"
557,0,"950.666","-711.77","1021.97"
558,0,"952.156","-717.537","1019.88"
559,0,"953.39","-723.331","1018.41"
560,0,"954.371","-729.15","1017.42"
561,0,"955.077","-735.036","1016.88"
562,0,"955.527","-740.93","1016.85"
563,0,"955.751","-746.679","1017.4"
564,0,"955.836","-752.229","1018.56"
565,0,"955.873","-757.509","1020.31"
566,0,"955.863","-762.505","1022.59"
567,0,"955.847","-767.224","1025.32"
568,0,"955.821","-771.674","1028.49"
569,0,"956.175","-776.05","1032.09"
570,0,"955.375","-779.85","1035.36"
571,0,"955.498","-783.901","1039.34"
572,0,"955.691","-787.91","1043.52"
573,0,"955.941","-791.916","1047.93"
574,0,"956.408","-795.938","1052.51"
575,0,"957.327","-800.081","1057.49"
576,0,"957.961","-804.065","1062.54"
577,0,"958.736","-808.002","1067.78"
578,0,"959.574","-811.85","1073.19"
579,0,"960.432","-815.565","1078.7"
580,0,"961.239","-819.115","1084.25"
581,0,"961.984","-822.519","1089.76"
582,0,"962.706","-825.81","1095.21"
583,0,"963.382","-828.967","1100.54"
584,0,"964.09","-832.094","1105.78"
585,0,"964.808","-835.167","1110.92"
586,0,"965.526","-838.203","1115.97"
587,0,"966.24","-841.188","1120.94"
588,0,"967.194","-844.386","1125.79"
589,0,"968.539","-848.094","1130.62"
590,0,"968.839","-850.726","1135.25"
591,0,"969.479","-853.635","1139.73"
592,0,"970.129","-856.269","1144.2"
593,0,"970.772","-858.789","1148.61"
594,0,"971.314","-861.277","1152.78"
595,0,"971.617","-863.352","1156.61"
596,0,"972.412","-866.528","1160.27"
597,0,"972.459","-868.493","1163.67"
598,0,"972.744","-870.84","1166.79"
599,0,"973.018","-873.101","1169.66"
600,0,"973.104","-875.079","1172.35"
601,0,"973.294","-877.006","1174.83"
602,0,"973.6","-879.008","1177.14"
603,0,"973.843","-880.801","1179.37"
604,0,"974.114","-882.472","1181.46"
605,0,"974.374","-883.987","1183.43"
606,0,"974.614","-885.38","1185.23"
607,0,"974.864","-886.642","1186.89"
608,0,"975.14","-887.856","1188.33"
609,0,"975.427","-889.137","1189.46"
610,0,"975.836","-890.586","1190.37"
611,0,"976.475","-892.393","1191.13"
612,0,"977.25","-894.442","1191.79"
613,0,"978.149","-896.596","1192.38"
614,0,"979.148","-898.679","1192.97"
615,0,"980.22","-900.623","1193.59"
616,0,"981.386","-902.465","1194.26"
617,0,"982.789","-904.296","1195.02"
618,0,"984.269","-906.099","1195.69"
619,0,"985.674","-907.864","1196.15"
620,0,"986.915","-909.596","1196.38"
621,0,"988.908","-911.653","1196.79"
622,0,"990.449","-913.565","1196.82"
623,0,"992.32","-915.59","1196.75"
624,0,"994.26","-917.689","1196.48"
625,0,"996.267","-919.824","1196.04"
626,0,"998.275","-921.963","1195.44"
627,0,"1000.31","-924.118","1194.6"
628,0,"1002.33","-926.297","1193.5"
629,0,"1004.29","-928.511","1192.05"
630,0,"1006.17","-930.696","1190.23"
631,0,"1007.98","-932.824","1188.09"
632,0,"1009.68","-934.895","1185.63"
633,0,"1011.26","-936.885","1182.8"
634,0,"1012.74","-938.8","1179.65"
635,0,"1013.95","-940.548","1176.09"
636,0,"1015.3","-942.225","1172.93"
637,0,"1016.35","-943.66","1169.67"
638,0,"1017.18","-944.862","1166.55"
639,0,"1017.84","-945.88","1163.5"
640,0,"1018.35","-946.753","1160.46"
641,0,"1018.8","-947.415","1157.48"
642,0,"1019.3","-947.775","1154.88"
643,0,"1019.99","-947.927","1153.22"
644,0,"1020.76","-948.756","1153.1"
645,0,"1021.34","-949.952","1153.97"
646,0,"1021.71","-950.892","1155.3"
647,0,"1022.1","-951.426","1157.12"
648,0,"1022.62","-951.736","1159.49"
649,0,"1023.04","-952.043","1162.47"
650,0,"1023.31","-952.422","1166.16"
651,0,"1023.35","-952.782","1170.36"
652,0,"1023.21","-953.032","1174.91"
653,0,"1022.97","-953.226","1179.69"
654,0,"1022.66","-953.361","1184.51"
655,0,"1022.31","-953.458","1189.32"
656,0,"1021.92","-953.513","1194.05"
657,0,"1021.5","-953.502","1198.67"
658,0,"1021.02","-953.44","1203.1"
659,0,"1020.47","-953.324","1207.29"
660,0,"1019.82","-953.154","1211.24"
661,0,"1018.9","-952.964","1215.02"
662,0,"1017.58","-952.873","1218.75"
663,0,"1016.02","-952.793","1222.37"
664,0,"1014.44","-952.601","1225.81"
665,0,"1013.04","-952.106","1228.97"
666,0,"nan","nan","nan"
667,0,"1011.35","-949.849","1234.67"
668,0,"1009.91","-949.007","1237.02"
669,0,"1008.48","-948.021","1238.97"
670,0,"1007.05","-946.931","1240.53"
671,0,"1005.63","-945.679","1241.7"
672,0,"1004.21","-944.328","1242.51"
673,0,"1002.74","-942.865","1243"
674,0,"1001.22","-941.309","1243.19"
675,0,"999.64","-939.697","1243.12"
676,0,"997.977","-938.002","1242.75"
677,0,"996.239","-936.227","1242.07"
678,0,"994.445","-934.343","1241.12"
679,0,"992.599","-932.332","1239.91"
680,0,"990.684","-930.21","1238.5"
681,0,"988.691","-928.001","1236.95"
682,0,"986.601","-925.756","1235.33"
683,0,"nan","nan","nan"
684,0,"982.017","-921.292","1232.19"
685,0,"981.366","-917.428","1230.96"
686,0,"977.074","-916.386","1229.48"
687,0,"974.499","-913.714","1228.37"
688,0,"971.845","-910.936","1227.49"
689,0,"969.142","-908.122","1226.89"
690,0,"966.333","-905.324","1226.63"
691,0,"963.484","-902.476","1226.7"
692,0,"960.561","-899.575","1227.05"
693,0,"957.803","-896.435","1227.74"
694,0,"954.886","-893.398","1228.52"
695,0,"951.966","-890.29","1229.42"
696,0,"949.08","-887.099","1230.41"
697,0,"946.26","-883.806","1231.51"
698,0,"943.489","-880.421","1232.7"
699,0,"940.723","-876.994","1233.97"
700,0,"937.971","-873.524","1235.35"
701,0,"935.241","-870.02","1236.78"
702,0,"932.551","-866.49","1238.3"
703,0,"929.901","-862.94","1239.85"
704,0,"927.303","-859.374","1241.41"
705,0,"924.742","-855.781","1242.88"
706,0,"922.244","-852.187","1244.28"
707,0,"919.814","-848.57","1245.57"
708,0,"917.456","-844.945","1246.74"
709,0,"915.141","-841.313","1247.81"
710,0,"912.902","-837.657","1248.75"
711,0,"911.396","-833.46","1249.6"
712,0,"909.199","-829.86","1250.27"
713,0,"906.932","-826.335","1250.85"
714,0,"904.799","-822.702","1251.33"
715,0,"902.872","-818.81","1251.88"
716,0,"900.946","-814.909","1252.3"
717,0,"898.926","-811.05","1252.45"
718,0,"896.828","-807.205","1252.45"
719,0,"894.878","-803.115","1252.39"
720,0,"893.086","-798.745","1252.48"
721,0,"891.268","-794.365","1252.39"
722,0,"889.33","-790.069","1252.05"
723,0,"887.846","-785.341","1251.85"
724,0,"886.487","-780.44","1251.79"
725,0,"884.949","-775.608","1251.85"
726,0,"883.562","-770.603","1251.92"
727,0,"882.095","-765.522","1252.3"
728,0,"880.67","-760.343","1252.73"
729,0,"879.306","-755.137","1253.24"
730,0,"878.05","-749.848","1253.88"
731,0,"876.867","-744.521","1254.58"
732,0,"875.819","-739.083","1255.39"
733,0,"874.712","-733.729","1255.88"
734,0,"873.728","-728.273","1256.48"
735,0,"872.801","-722.774","1257.04"
736,0,"872.073","-717.114","1257.62"
737,0,"871.643","-711.287","1258.06"
738,0,"871.306","-705.405","1258.42"
739,0,"870.884","-699.508","1258.81"
740,0,"870.218","-693.81","1259.37"
741,0,"869.653","-687.966","1259.98"
742,0,"869.616","-681.858","1260.4"
743,0,"869.64","-675.702","1260.52"
744,0,"869.804","-669.496","1260.61"
745,0,"869.837","-663.294","1260.63"
746,0,"869.524","-657.266","1260.7"
747,0,"869.519","-651.101","1260.67"
748,0,"870.02","-644.633","1260.33"
749,0,"870.805","-638.014","1259.85"
750,0,"871.622","-631.311","1259.16"
751,0,"872.258","-624.756","1258.35"
752,0,"872.144","-618.495","1257.9"
753,0,"872.81","-611.864","1256.9"
754,0,"873.481","-605.201","1255.66"
755,0,"874.205","-598.473","1254.24"
756,0,"875.047","-591.691","1252.67"
757,0,"875.977","-584.902","1250.93"
758,0,"876.943","-578.069","1248.98"
759,0,"878.028","-571.224","1246.92"
760,0,"879.194","-564.356","1244.7"
761,0,"880.47","-557.468","1242.35"
762,0,"881.86","-550.553","1239.92"
763,0,"883.299","-543.645","1237.43"
764,0,"884.78","-536.683","1235.01"
765,0,"886.403","-529.652","1232.46"
766,0,"888.088","-522.617","1229.88"
767,0,"889.718","-515.602","1227.25"
768,0,"891.312","-508.683","1224.76"
769,0,"892.743","-501.822","1222.42"
770,0,"894","-495.076","1220.32"
771,0,"895.072","-488.399","1218.54"
772,0,"895.953","-481.784","1217.21"
773,0,"896.661","-475.268","1216.32"
774,0,"897.319","-468.826","1215.78"
775,0,"897.926","-462.414","1215.42"
776,0,"898.512","-456.066","1215.2"
777,0,"899.103","-449.79","1215.14"
778,0,"899.667","-443.553","1215.19"
779,0,"900.14","-437.419","1215.45"
780,0,"900.487","-431.365","1215.88"
781,0,"900.653","-425.446","1216.49"
782,0,"900.612","-419.642","1217.31"
783,0,"900.323","-413.921","1218.33"
784,0,"899.826","-408.25","1219.48"
785,0,"899.133","-402.62","1220.76"
786,0,"898.264","-397.015","1222.05"
787,0,"897.252","-391.417","1223.32"
788,0,"896.151","-385.858","1224.47"
789,0,"894.985","-380.338","1225.47"
790,0,"893.791","-374.855","1226.24"
791,0,"892.592","-369.431","1226.8"
792,0,"891.368","-364.04","1227.11"
793,0,"890.203","-358.695","1227.18"
794,0,"889.055","-353.378","1226.98"
795,0,"887.951","-348.096","1226.55"
796,0,"886.873","-342.856","1225.92"
797,0,"885.825","-337.61","1225.12"
798,0,"884.739","-332.386","1224.17"
799,0,"883.602","-327.12","1223.12"
800,0,"882.405","-321.863","1222.06"
801,0,"881.15","-316.6","1220.94"
802,0,"879.817","-311.346","1219.89"
803,0,"878.336","-306.12","1218.82"
804,0,"876.727","-300.932","1217.85"
805,0,"874.963","-295.758","1216.98"
806,0,"873.068","-290.593","1216.25"
807,0,"871.044","-285.418","1215.64"
808,0,"868.946","-280.298","1215.17"
809,0,"866.733","-275.191","1214.78"
810,0,"864.38","-270.114","1214.45"
811,0,"861.945","-265.043","1214.16"
812,0,"859.363","-259.94","1213.82"
813,0,"856.697","-254.875","1213.49"
814,0,"853.905","-249.807","1213.11"
815,0,"850.989","-244.761","1212.68"
816,0,"847.879","-239.702","1212.14"
817,0,"844.635","-234.677","1211.57"
818,0,"841.178","-229.63","1210.85"
819,0,"837.592","-224.611","1210.04"
820,0,"833.813","-219.548","1209.08"
821,0,"829.905","-214.492","1208.02"
822,0,"825.836","-209.451","1206.88"
823,0,"821.574","-204.339","1205.58"
824,0,"817.208","-199.22","1204.23"
825,0,"812.674","-194.04","1202.77"
826,0,"807.974","-188.837","1201.25"
827,0,"803.124","-183.6","1199.63"
828,0,"798.099","-178.328","1197.92"
829,0,"792.947","-173.086","1196.16"
830,0,"787.626","-167.86","1194.33"
831,0,"782.134","-162.573","1192.39"
832,0,"776.562","-157.332","1190.47"
833,0,"770.808","-151.988","1188.48"
834,0,"764.978","-146.624","1186.54"
835,0,"758.998","-141.224","1184.69"
836,0,"752.947","-135.865","1183.02"
837,0,"746.789","-130.583","1181.53"
838,0,"740.514","-125.358","1180.24"
839,0,"734.23","-120.31","1179.23"
840,0,"727.916","-115.3","1178.38"
841,0,"721.72","-110.412","1177.8"
842,0,"715.632","-105.519","1177.4"
843,0,"709.748","-100.71","1177.24"
844,0,"704.081","-96.0097","1177.35"
845,0,"698.629","-91.4576","1177.76"
846,0,"693.441","-87.0548","1178.43"
847,0,"688.585","-82.81","1179.3"
848,0,"684.066","-78.7054","1180.26"
849,0,"679.878","-74.6584","1181.24"
850,0,"675.934","-70.6518","1182.27"
851,0,"672.207","-66.6737","1183.28"
852,0,"668.665","-62.7458","1184.23"
853,0,"665.285","-58.8782","1185.09"
854,0,"662.024","-55.0483","1185.87"
855,0,"658.879","-51.2557","1186.56"
856,0,"655.816","-47.5428","1187.22"
857,0,"652.82","-43.917","1187.87"
858,0,"649.894","-40.3106","1188.45"
859,0,"647.038","-36.7483","1188.99"
860,0,"644.289","-33.204","1189.49"
861,0,"641.645","-29.6747","1189.91"
862,0,"639.131","-26.1555","1190.26"
863,0,"636.754","-22.7068","1190.58"
864,0,"634.529","-19.2929","1190.86"
865,0,"632.438","-15.9327","1191.11"
866,0,"630.508","-12.6709","1191.37"
867,0,"628.709","-9.48235","1191.57"
868,0,"627.039","-6.3761","1191.77"
869,0,"625.483","-3.34078","1191.92"
870,0,"624.01","-0.387857","1192.07"
871,0,"622.649","2.46388","1192.22"
872,0,"621.384","5.24718","1192.39"
873,0,"620.207","7.9594","1192.6"
874,0,"619.144","10.5659","1192.83"
875,0,"618.199","13.086","1193.05"
876,0,"617.368","15.4943","1193.25"
877,0,"616.611","17.8028","1193.35"
878,0,"615.967","19.9877","1193.39"
879,0,"615.42","22.0405","1193.38"
880,0,"614.922","23.9729","1193.28"
881,0,"614.516","25.808","1193.1"
882,0,"614.178","27.5461","1192.89"
883,0,"613.917","29.2185","1192.62"
884,0,"613.739","30.8123","1192.32"
885,0,"613.698","32.3159","1192.04"
886,0,"613.764","33.7454","1191.8"
887,0,"613.953","35.1394","1191.57"
888,0,"614.296","36.4642","1191.38"
889,0,"614.777","37.7406","1191.24"
890,0,"615.442","38.9577","1191.14"
891,0,"616.259","40.1634","1191.06"
892,0,"617.238","41.3715","1191.01"
893,0,"618.376","42.5754","1190.98"
894,0,"619.647","43.7833","1190.97"
895,0,"621.047","44.9942","1190.97"
896,0,"622.562","46.1271","1190.98"
897,0,"624.19","47.1961","1191.02"
898,0,"625.927","48.2077","1191.1"
899,0,"627.726","49.1709","1191.18"
900,0,"629.609","50.13","1191.31"
901,0,"631.601","51.0699","1191.48"
902,0,"633.68","52.0122","1191.75"
903,0,"635.832","52.9829","1192.03"
904,0,"638.056","53.8982","1192.39"
905,0,"640.258","54.7419","1192.72"
906,0,"642.481","55.4385","1193.13"
907,0,"644.634","56.0177","1193.52"
908,0,"646.74","56.5048","1193.93"
909,0,"648.824","56.8955","1194.33"
910,0,"650.823","57.2943","1194.72"
911,0,"652.746","57.6442","1195.05"
912,0,"654.579","57.9955","1195.34"
913,0,"656.265","58.3466","1195.63"
914,0,"657.779","58.7185","1195.85"
915,0,"659.138","59.0998","1196.04"
916,0,"660.341","59.5045","1196.24"
917,0,"661.386","59.9488","1196.46"
918,0,"662.277","60.417","1196.73"
919,0,"662.959","60.9407","1197.06"
920,0,"663.433","61.4746","1197.52"
921,0,"663.687","62.0282","1198.07"
922,0,"663.758","62.522","1198.75"
923,0,"663.653","62.9711","1199.51"
924,0,"663.472","63.3318","1200.39"
925,0,"663.192","63.6417","1201.35"
926,0,"662.829","63.872","1202.4"
927,0,"662.35","64.0373","1203.51"
928,0,"661.769","64.1259","1204.72"
929,0,"661.112","64.1335","1205.95"
930,0,"660.41","64.0793","1207.21"
931,0,"659.677","63.9415","1208.47"
932,0,"658.908","63.8263","1209.74"
933,0,"658.109","63.7008","1211.01"
934,0,"657.21","63.6184","1212.23"
935,0,"656.265","63.5303","1213.48"
936,0,"655.23","63.4906","1214.69"
937,0,"654.05","63.5085","1215.88"
938,0,"652.741","63.5978","1216.99"
939,0,"651.281","63.7694","1218.03"
940,0,"649.682","64.0305","1219.05"
941,0,"647.975","64.36","1220.06"
942,0,"646.205","64.748","1221.11"
943,0,"644.39","65.1318","1222.27"
944,0,"642.575","65.5403","1223.51"
945,0,"640.78","66.0083","1224.78"
946,0,"639.038","66.5247","1226.06"
947,0,"637.34","67.1045","1227.31"
948,0,"635.703","67.7685","1228.52"
949,0,"634.115","68.5026","1229.71"
950,0,"632.414","69.0203","1231.01"
951,0,"630.936","69.7878","1232.24"
952,0,"629.498","70.7219","1233.35"
953,0,"627.927","71.6614","1234.36"
954,0,"626.323","72.6263","1235.4"
955,0,"624.692","73.6065","1236.48"
956,0,"623.041","74.6496","1237.55"
957,0,"621.408","75.7583","1238.59"
958,0,"619.811","76.931","1239.63"
959,0,"618.257","78.1405","1240.64"
960,0,"616.738","79.365","1241.6"
961,0,"615.265","80.5952","1242.56"
962,0,"613.827","81.8266","1243.54"
963,0,"612.403","83.0787","1244.58"
964,0,"611.003","84.3391","1245.74"
965,0,"609.606","85.6213","1247.01"
966,0,"608.216","86.9184","1248.38"
967,0,"606.825","88.2132","1249.8"
968,0,"605.474","89.4874","1251.24"
969,0,"604.128","90.719","1252.73"
970,0,"602.735","91.9045","1254.28"
971,0,"601.27","93.0658","1255.89"
972,0,"599.793","94.2323","1257.44"
973,0,"598.342","95.3873","1258.97"
974,0,"596.959","96.487","1260.42"
975,0,"595.591","97.5836","1261.82"
976,0,"594.234","98.63","1263.17"
977,0,"592.892","99.6273","1264.47"
978,0,"591.555","100.564","1265.7"
979,0,"590.266","101.451","1266.8"
980,0,"589.034","102.243","1267.71"
981,0,"588.082","102.787","1268.61"
982,0,"587.089","103.454","1269.22"
983,0,"585.882","104.007","1269.75"
984,0,"584.834","104.583","1270.59"
985,0,"583.8","104.963","1271.1"
986,0,"582.836","105.375","1271.8"
987,0,"581.76","105.933","1272.38"
988,0,"580.987","106.396","1273.08"
989,0,"580.313","106.759","1273.43"
990,0,"579.393","107.499","1273.91"
991,0,"578.829","108.01","1274.32"
992,0,"578.433","108.409","1274.64"
993,0,"578.193","109.203","1275.01"
994,0,"577.732","110.008","1275.29"
995,0,"578.017","109.909","1275.18"
996,0,"577.662","109.642","1275.98"
997,0,"577.282","109.952","1276.36"
998,0,"576.874","110.25","1276.95"
999,0,"576.614","110.465","1277.66"
1000,0,"576.489","110.953","1278.14"
1001,0,"576.486","111.154","1278.81"
1002,0,"576.49","111.765","1279.24"
1003,0,"576.487","112.015","1279.87"
1004,0,"576.481","112.555","1280.33"
1005,0,"576.521","112.851","1280.89"
1006,0,"576.577","113.114","1281.31"
1007,0,"576.833","113.545","1281.71"
1008,0,"577.083","113.822","1282.07"
1009,0,"577.347","114.029","1282.37"
1010,0,"577.898","114.673","1282.48"
1011,0,"578.118","114.73","1282.53"
1012,0,"578.669","114.929","1282.69"
1013,0,"579.059","115.03","1282.85"
1014,0,"579.152","114.362","1283.35"
1015,0,"579.706","114.782","1283.39"
1016,0,"580.475","115.194","1283.31"
1017,0,"581.189","115.528","1283.2"
1018,0,"581.341","115.395","1283.38"
1019,0,"581.897","115.618","1283.35"
