Frame,Sub Frame,"Reconstruction Position - Unlabeled Track (573)",,
,,"TX","TY","TZ"
Frames,Frames,"mm","mm","mm"
1,0,"766.759","73.5215","430.778"
2,0,"766.781","73.4753","430.776"
3,0,"766.812","73.438","430.776"
4,0,"766.832","73.3984","430.783"
5,0,"766.858","73.3431","430.793"
6,0,"766.873","73.305","430.81"
7,0,"766.869","73.2693","430.813"
8,0,"766.864","73.235","430.816"
9,0,"766.852","73.2036","430.812"
10,0,"766.847","73.1742","430.803"
11,0,"766.817","73.1628","430.783"
12,0,"766.827","73.1317","430.765"
13,0,"766.82","73.105","430.77"
14,0,"766.813","73.0944","430.77"
15,0,"766.824","73.082","430.783"
16,0,"766.81","73.0932","430.764"
17,0,"766.818","73.0703","430.782"
18,0,"766.811","73.0713","430.774"
19,0,"766.809","73.0681","430.789"
20,0,"766.785","73.0824","430.773"
21,0,"766.782","73.0826","430.749"
22,0,"766.765","73.0836","430.744"
23,0,"766.775","73.0495","430.76"
24,0,"766.764","73.0551","430.737"
25,0,"766.772","73.019","430.745"
26,0,"766.791","72.994","430.763"
27,0,"766.795","72.9757","430.757"
28,0,"766.803","72.9625","430.779"
29,0,"766.809","72.9576","430.774"
30,0,"766.816","72.9503","430.779"
31,0,"766.818","72.9392","430.8"
32,0,"766.818","72.9259","430.818"
33,0,"766.819","72.931","430.807"
34,0,"766.813","72.9531","430.798"
35,0,"766.811","72.9683","430.801"
36,0,"766.805","72.9864","430.794"
37,0,"766.804","73.012","430.792"
38,0,"766.803","73.0242","430.779"
39,0,"766.805","73.0329","430.774"
40,0,"766.813","73.0536","430.761"
41,0,"766.813","73.0639","430.759"
42,0,"766.811","73.0892","430.757"
43,0,"766.816","73.1035","430.746"
44,0,"766.816","73.1164","430.756"
45,0,"766.835","73.1061","430.773"
46,0,"766.846","73.1047","430.767"
47,0,"766.847","73.104","430.758"
48,0,"766.853","73.1059","430.752"
49,0,"766.858","73.089","430.761"
50,0,"766.862","73.0846","430.741"
51,0,"766.867","73.0709","430.748"
52,0,"766.883","73.0574","430.764"
53,0,"766.885","73.0666","430.755"
54,0,"766.889","73.0868","430.741"
55,0,"766.898","73.0918","430.757"
56,0,"766.917","73.0988","430.772"
57,0,"766.928","73.1202","430.784"
58,0,"766.947","73.126","430.808"
59,0,"766.966","73.1578","430.82"
60,0,"766.98","73.1773","430.812"
61,0,"766.994","73.1903","430.816"
62,0,"766.997","73.209","430.797"
63,0,"766.996","73.2418","430.775"
64,0,"767.013","73.2561","430.782"
65,0,"767.024","73.2744","430.792"
66,0,"767.06","73.2862","430.797"
67,0,"767.065","73.3055","430.799"
68,0,"767.07","73.3123","430.791"
69,0,"767.076","73.3361","430.786"
70,0,"767.086","73.3374","430.791"
71,0,"767.096","73.3389","430.782"
72,0,"767.097","73.3431","430.774"
73,0,"767.102","73.3297","430.772"
74,0,"767.114","73.3068","430.774"
75,0,"767.126","73.2765","430.796"
76,0,"767.159","73.236","430.813"
77,0,"767.171","73.2248","430.815"
78,0,"767.208","73.1909","430.831"
79,0,"767.222","73.1716","430.854"
80,0,"767.235","73.1524","430.865"
81,0,"767.243","73.1438","430.868"
82,0,"767.248","73.1419","430.852"
83,0,"767.242","73.1388","430.861"
84,0,"767.241","73.1596","430.837"
85,0,"767.236","73.1726","430.823"
86,0,"767.228","73.1812","430.833"
87,0,"767.222","73.1986","430.832"
88,0,"767.172","73.2376","430.834"
89,0,"767.2","73.2241","430.833"
90,0,"767.195","73.2334","430.833"
91,0,"767.208","73.239","430.835"
92,0,"767.196","73.2597","430.823"
93,0,"767.214","73.2535","430.835"
94,0,"767.221","73.2546","430.833"
95,0,"767.233","73.2334","430.85"
96,0,"767.234","73.2379","430.817"
97,0,"767.256","73.2215","430.828"
98,0,"767.262","73.2248","430.815"
99,0,"767.267","73.2238","430.809"
100,0,"767.256","73.2397","430.804"
101,0,"767.263","73.2376","430.805"
102,0,"767.258","73.2392","430.815"
103,0,"767.262","73.229","430.836"
104,0,"767.251","73.243","430.847"
105,0,"767.24","73.269","430.839"
106,0,"767.234","73.2872","430.837"
107,0,"767.219","73.3288","430.814"
108,0,"767.222","73.3313","430.833"
109,0,"767.218","73.3424","430.855"
110,0,"767.184","73.3836","430.833"
111,0,"767.18","73.3952","430.832"
112,0,"767.178","73.4149","430.814"
113,0,"767.185","73.4129","430.825"
114,0,"767.172","73.4355","430.809"
115,0,"767.173","73.4535","430.803"
116,0,"767.184","73.4407","430.825"
117,0,"767.204","73.437","430.832"
118,0,"767.21","73.4321","430.824"
119,0,"767.203","73.4269","430.823"
120,0,"767.195","73.4036","430.799"
121,0,"767.187","73.3881","430.783"
122,0,"767.218","73.3368","430.782"
123,0,"767.208","73.3157","430.771"
124,0,"767.207","73.2855","430.768"
125,0,"767.204","73.2674","430.752"
126,0,"767.194","73.272","430.725"
127,0,"767.233","73.2706","430.704"
128,0,"767.283","73.2923","430.676"
129,0,"767.363","73.3306","430.633"
130,0,"767.431","73.3939","430.583"
131,0,"767.531","73.4858","430.521"
132,0,"767.671","73.5596","430.491"
133,0,"767.825","73.6596","430.466"
134,0,"768.021","73.7869","430.418"
135,0,"768.301","73.8692","430.408"
136,0,"768.554","74.0084","430.385"
137,0,"768.833","74.1949","430.335"
138,0,"769.095","74.3888","430.301"
139,0,"769.17","74.6359","430.206"
140,0,"769.172","74.8556","430.136"
141,0,"769.126","75.0608","430.073"
142,0,"769.026","75.2734","430.012"
143,0,"768.895","75.481","429.937"
144,0,"768.725","75.7008","429.867"
145,0,"768.505","75.9347","429.799"
146,0,"768.344","76.1038","429.776"
147,0,"768.117","76.2382","429.732"
148,0,"767.912","76.298","429.703"
149,0,"767.638","76.3339","429.636"
150,0,"767.311","76.2788","429.573"
151,0,"766.938","76.1893","429.479"
152,0,"766.535","76.0343","429.383"
153,0,"766.116","75.7675","429.293"
154,0,"765.643","75.4023","429.193"
155,0,"765.151","74.9618","429.049"
156,0,"764.608","74.4153","428.97"
157,0,"763.988","73.8396","428.864"
158,0,"763.328","73.1069","428.775"
159,0,"762.667","72.2158","428.666"
160,0,"761.925","71.2576","428.607"
161,0,"761.05","70.1154","428.449"
162,0,"760.257","68.8042","428.372"
163,0,"759.463","67.1929","428.279"
164,0,"758.572","65.3364","428.232"
165,0,"757.756","63.0926","428.204"
166,0,"756.856","60.4518","428.151"
167,0,"756.023","57.288","428.146"
168,0,"755.245","53.526","428.239"
169,0,"754.382","49.2582","428.383"
170,0,"753.59","44.3081","428.701"
171,0,"752.646","38.814","429.103"
172,0,"751.687","32.7139","429.72"
173,0,"750.552","26.0784","430.5"
174,0,"749.281","18.9448","431.442"
175,0,"747.599","11.637","432.431"
176,0,"745.652","4.17293","433.37"
177,0,"743.546","-3.21267","434.507"
178,0,"740.475","-9.57806","434.72"
179,0,"737.843","-16.4922","435.23"
180,0,"735.005","-23.3072","435.856"
181,0,"732.036","-29.8923","436.491"
182,0,"728.778","-36.421","437.285"
183,0,"725.44","-42.9022","438.518"
184,0,"722.041","-49.2353","440.054"
185,0,"718.421","-55.3209","441.638"
186,0,"714.468","-61.0806","443.115"
187,0,"710.366","-66.5746","444.695"
188,0,"706.075","-71.6554","446.155"
189,0,"701.612","-76.3311","447.641"
190,0,"697.116","-80.6187","449.203"
191,0,"692.54","-84.518","450.654"
192,0,"687.968","-88.017","452.206"
193,0,"683.48","-91.1773","453.817"
194,0,"679.022","-93.9546","455.305"
195,0,"674.472","-96.3223","456.742"
196,0,"669.981","-98.3262","458.131"
197,0,"665.317","-99.863","459.217"
198,0,"660.764","-101.06","460.336"
199,0,"656.192","-101.895","461.244"
200,0,"651.772","-102.328","462.107"
201,0,"647.438","-102.441","462.647"
202,0,"643.359","-102.251","463.016"
203,0,"639.655","-101.889","463.329"
204,0,"637.976","-102.123","464.771"
205,0,"634.456","-101.29","464.448"
206,0,"630.673","-100.446","463.401"
207,0,"628.044","-99.7238","462.826"
208,0,"626.126","-99.0648","462.193"
209,0,"624.616","-98.4929","461.365"
210,0,"623.727","-98.1123","460.35"
211,0,"624.326","-98.0793","460.134"
212,0,"623.402","-97.8947","457.755"
213,0,"622.645","-97.6555","455.215"
214,0,"623.55","-99.8149","453.607"
215,0,"624.16","-101.312","452.221"
216,0,"624.771","-102.356","450.712"
217,0,"625.283","-103.147","449.441"
218,0,"624.54","-103.366","448.544"
219,0,"626.84","-106.258","449.792"
220,0,"624.01","-107.462","453.591"
221,0,"626.004","-112.24","452.675"
222,0,"627.417","-115.851","453.258"
223,0,"628.691","-119.387","453.3"
224,0,"630.414","-122.388","453.426"
225,0,"630.601","-126.455","453.665"
226,0,"631.618","-128.959","453.698"
227,0,"632.306","-130.713","453.5"
228,0,"632.472","-131.851","453.12"
229,0,"632.432","-132.544","452.812"
230,0,"632.121","-132.919","452.644"
231,0,"631.894","-133.208","452.56"
232,0,"631.767","-133.319","452.606"
233,0,"631.695","-133.318","452.722"
234,0,"631.611","-133.154","452.908"
235,0,"631.53","-132.848","453.103"
236,0,"631.591","-132.513","453.267"
237,0,"631.594","-131.954","453.646"
238,0,"631.986","-131.895","453.792"
239,0,"632.569","-132.008","453.923"
240,0,"633.178","-132.153","454.085"
241,0,"633.89","-132.227","454.259"
242,0,"634.023","-133.054","454.065"
243,0,"634.827","-132.745","454.184"
244,0,"635.653","-132.3","454.367"
245,0,"636.372","-131.848","454.493"
246,0,"637.191","-131.362","454.574"
247,0,"637.877","-130.928","454.664"
248,0,"638.322","-130.546","454.804"
249,0,"638.679","-130.158","454.864"
250,0,"639.116","-129.78","454.947"
251,0,"639.518","-129.465","454.982"
252,0,"639.951","-129.106","455.008"
253,0,"640.322","-128.674","455.068"
254,0,"640.61","-128.228","455.094"
255,0,"640.908","-127.642","455.177"
256,0,"637.918","-123.769","460.149"
257,0,"638.396","-123.299","459.982"
258,0,"636.881","-123.149","460.689"
259,0,"637.161","-122.644","460.768"
260,0,"637.463","-122.288","460.922"
261,0,"637.773","-121.974","460.997"
262,0,"638.25","-121.727","461.229"
263,0,"638.665","-121.411","461.332"
264,0,"639.046","-121.085","461.441"
265,0,"639.398","-120.707","461.528"
266,0,"639.711","-120.221","461.602"
267,0,"639.907","-119.701","461.808"
268,0,"640.014","-119.04","461.876"
269,0,"640.177","-118.356","461.973"
270,0,"640.289","-117.652","462.022"
271,0,"640.404","-116.984","462.008"
272,0,"640.601","-116.349","462.131"
273,0,"640.68","-115.7","462.092"
274,0,"640.772","-115.085","462.173"
275,0,"640.934","-114.456","462.246"
276,0,"641","-113.838","462.321"
277,0,"641.019","-113.197","462.37"
278,0,"641.059","-112.496","462.298"
279,0,"641.122","-111.761","462.314"
280,0,"646.164","-113.739","457.645"
281,0,"645.798","-113.271","457.465"
282,0,"645.818","-112.396","457.546"
283,0,"645.886","-111.565","457.602"
284,0,"646.065","-110.684","457.658"
285,0,"646.228","-109.752","457.678"
286,0,"646.453","-108.831","457.678"
287,0,"646.664","-107.776","457.665"
288,0,"647.36","-106.444","457.847"
289,0,"647.762","-105.121","457.951"
290,0,"647.986","-103.801","457.95"
291,0,"648.25","-102.348","457.914"
292,0,"648.377","-100.713","457.605"
293,0,"648.683","-99.4544","458.021"
294,0,"649.068","-98.1498","458.344"
295,0,"649.351","-95.8388","458.151"
296,0,"649.783","-94.3643","458.377"
297,0,"650.158","-92.3565","458.447"
298,0,"650.633","-90.3181","458.538"
299,0,"651.165","-88.2336","458.602"
300,0,"651.794","-86.1314","458.624"
301,0,"652.492","-83.9806","458.559"
302,0,"652.91","-81.6134","457.968"
303,0,"653.722","-79.201","457.914"
304,0,"654.563","-76.622","457.853"
305,0,"655.425","-73.887","457.814"
306,0,"656.251","-70.3759","457.704"
307,0,"657.336","-67.6652","457.899"
308,0,"658.299","-64.4523","457.766"
309,0,"659.312","-61.0026","457.563"
310,0,"660.505","-57.4709","457.427"
311,0,"661.696","-53.718","457.191"
312,0,"663.042","-49.9089","456.975"
313,0,"664.413","-45.8812","456.724"
314,0,"665.853","-41.6132","456.433"
315,0,"667.335","-37.1682","456.05"
316,0,"668.892","-32.6074","455.61"
317,0,"670.546","-27.9087","455.052"
318,0,"672.214","-23.0201","454.45"
319,0,"674","-18.0583","453.741"
320,0,"675.753","-12.9549","452.942"
321,0,"677.613","-7.78102","452.039"
322,0,"679.488","-2.46848","451.075"
323,0,"681.394","3.05994","450.101"
324,0,"683.35","8.55211","448.768"
325,0,"685.29","14.2447","447.412"
326,0,"687.291","20.0809","445.94"
327,0,"689.217","26.0899","444.286"
328,0,"691.175","32.1168","442.552"
329,0,"693.087","37.9332","440.604"
330,0,"694.892","43.5625","438.584"
331,0,"696.472","48.8872","436.67"
332,0,"698.004","53.5074","434.94"
333,0,"698.969","57.8613","433.227"
334,0,"699.624","61.2904","432.067"
335,0,"700.365","64.031","431.613"
336,0,"700.916","66.6245","432.088"
337,0,"701.07","68.1987","431.867"
338,0,"700.713","69.6916","431.987"
339,0,"699.853","71.1634","432.294"
340,0,"698.734","72.2889","432.437"
341,0,"696.801","73.4242","432.016"
342,0,"695.058","74.3718","431.991"
343,0,"692.995","75.2716","431.743"
344,0,"691.077","75.85","431.753"
345,0,"688.624","76.5321","431.369"
346,0,"685.904","77.0504","430.816"
347,0,"683.057","77.361","430.369"
348,0,"680.089","77.2945","430.062"
349,0,"676.905","77.0439","429.934"
350,0,"673.625","76.8359","430.466"
351,0,"670.23","76.042","431.243"
352,0,"666.903","75.1576","432.883"
353,0,"663.096","74.2685","434.413"
354,0,"659.117","73.177","435.968"
355,0,"655.117","71.7789","437.451"
356,0,"650.576","70.1802","438.067"
357,0,"645.703","69.0371","439.441"
358,0,"640.883","67.6625","440.596"
359,0,"636.004","65.978","441.605"
360,0,"631.26","64.0365","442.874"
361,0,"625.827","62.067","443.407"
362,0,"621.128","60.3948","444.956"
363,0,"616.12","58.6304","446.146"
364,0,"611.09","56.983","447.382"
365,0,"606.082","55.3905","448.77"
366,0,"601.112","53.6012","450.281"
367,0,"596.211","51.6514","451.731"
368,0,"591.388","49.4108","453.014"
369,0,"586.624","47.171","454.118"
370,0,"581.811","44.8635","455.017"
371,0,"576.953","42.5236","455.796"
372,0,"572.017","40.0054","456.512"
373,0,"566.958","37.759","457.072"
374,0,"561.792","35.719","457.574"
375,0,"556.518","33.5321","457.902"
376,0,"551.295","31.2068","458.19"
377,0,"545.982","28.9405","458.388"
378,0,"540.44","27.863","458.422"
379,0,"535.167","25.9281","458.396"
380,0,"529.883","24.0295","458.339"
381,0,"524.625","22.1776","458.143"
382,0,"519.381","20.2983","457.905"
383,0,"514.178","18.3891","457.603"
384,0,"509.046","16.426","457.091"
385,0,"503.93","14.4673","456.497"
386,0,"498.861","12.5264","455.847"
387,0,"493.879","10.4945","455.129"
388,0,"488.954","8.40955","454.373"
389,0,"484.09","6.36405","453.551"
390,0,"479.259","4.36845","452.731"
391,0,"474.47","2.47958","451.873"
392,0,"469.766","0.621657","450.91"
393,0,"465.053","-1.14153","449.795"
394,0,"460.463","-2.94894","448.639"
395,0,"455.978","-4.85179","447.48"
396,0,"451.65","-6.77895","446.305"
397,0,"447.457","-8.78494","445.114"
398,0,"443.477","-10.7313","443.942"
399,0,"439.605","-12.5977","442.669"
400,0,"435.937","-14.4158","441.436"
401,0,"432.441","-16.2441","440.27"
402,0,"429.091","-18.1265","439.073"
403,0,"425.927","-20.0558","437.903"
404,0,"422.957","-22.0247","436.679"
405,0,"420.12","-23.9425","435.446"
406,0,"417.495","-25.7637","434.17"
407,0,"415.052","-27.4827","432.859"
408,0,"412.666","-29.0951","431.528"
409,0,"410.493","-30.6603","430.183"
410,0,"408.426","-32.1386","428.942"
411,0,"406.472","-33.5428","427.717"
412,0,"404.703","-34.8653","426.566"
413,0,"403.11","-36.1686","425.39"
414,0,"401.719","-37.5059","424.249"
415,0,"400.666","-38.9105","423.203"
416,0,"399.736","-40.329","422.139"
417,0,"399.122","-41.8197","421.175"
418,0,"398.651","-43.2774","420.23"
419,0,"398.416","-44.6906","419.345"
420,0,"398.334","-46.0699","418.459"
421,0,"398.436","-47.4266","417.597"
422,0,"398.769","-48.7394","416.835"
423,0,"399.334","-50.094","416.117"
424,0,"400.051","-51.4175","415.481"
425,0,"401.001","-52.7855","414.996"
426,0,"402.183","-54.2462","414.599"
427,0,"403.521","-55.7701","414.291"
428,0,"405.147","-57.3607","414.152"
429,0,"406.905","-59.0104","413.999"
430,0,"408.909","-60.7595","413.995"
431,0,"411.084","-62.5232","414.058"
432,0,"413.374","-64.4038","414.268"
433,0,"415.878","-66.3897","414.518"
434,0,"418.571","-68.4175","414.912"
435,0,"421.305","-70.6037","415.481"
436,0,"424.241","-72.97","416.188"
437,0,"427.302","-75.4892","417.02"
438,0,"430.623","-78.1946","418.003"
439,0,"434.002","-81.0746","419.136"
440,0,"437.494","-84.0876","420.363"
441,0,"441.092","-87.2398","421.649"
442,0,"444.805","-90.5986","423.022"
443,0,"448.612","-94.1472","424.589"
444,0,"452.492","-97.8622","426.125"
445,0,"456.532","-101.753","427.693"
446,0,"460.515","-105.734","429.187"
447,0,"464.497","-109.684","430.546"
448,0,"468.553","-113.712","431.831"
449,0,"472.516","-117.825","432.949"
450,0,"476.51","-122.023","434.02"
451,0,"480.553","-126.388","434.982"
452,0,"484.54","-130.767","435.751"
453,0,"488.602","-135.203","436.342"
454,0,"492.743","-140.208","436.689"
455,0,"496.682","-144.575","436.779"
456,0,"500.696","-149.039","436.554"
457,0,"504.693","-153.396","435.993"
458,0,"508.72","-157.762","435.05"
459,0,"512.771","-161.998","433.807"
460,0,"516.818","-166.195","432.152"
461,0,"521.028","-170.327","430.159"
462,0,"525.161","-174.384","427.831"
463,0,"529.486","-178.593","425.313"
464,0,"533.959","-182.715","422.667"
465,0,"538.682","-186.909","419.942"
466,0,"543.603","-191.297","417.134"
467,0,"548.898","-196.021","414.451"
468,0,"554.375","-200.918","411.789"
469,0,"560.242","-205.856","409.201"
470,0,"566.214","-210.766","406.688"
471,0,"572.305","-215.608","404.214"
472,0,"578.677","-220.346","401.895"
473,0,"585.526","-225.216","399.726"
474,0,"593.139","-230.369","397.797"
475,0,"601.692","-235.727","396.374"
476,0,"611.296","-241.04","395.35"
477,0,"622.07","-245.712","394.186"
478,0,"633.841","-250.177","392.861"
479,0,"645.057","-252.732","392.246"
480,0,"653.819","-253.89","393.563"
481,0,"660.213","-253.973","396.798"
482,0,"666.082","-253.253","400.973"
483,0,"672.45","-251.793","406.067"
484,0,"679.635","-249.541","412.196"
485,0,"687.912","-246.338","419.266"
486,0,"697.344","-241.21","427.232"
487,0,"707.456","-234.12","435.906"
488,0,"717.632","-225.114","445.302"
489,0,"727.502","-214.553","455.965"
490,0,"736.366","-203.537","468.377"
491,0,"744.362","-193.296","482.417"
492,0,"753.226","-183.951","497.498"
493,0,"763.806","-175.432","512.987"
494,0,"776.549","-168.677","528.745"
495,0,"788.572","-166.606","543.735"
496,0,"799.774","-168.427","558.198"
497,0,"809.996","-172.81","572.356"
498,0,"818.427","-177.938","585.686"
499,0,"824.947","-182.979","598.615"
500,0,"829.646","-187.346","611.252"
501,0,"833.769","-190.075","622.931"
502,0,"839.348","-190.122","633.197"
503,0,"846.616","-189.063","642.906"
504,0,"854.097","-186.836","652.219"
505,0,"861.329","-183.966","661.353"
506,0,"868.411","-180.839","670.221"
507,0,"875.293","-177.46","678.636"
508,0,"881.685","-173.876","686.754"
509,0,"887.354","-170.505","694.744"
510,0,"892.153","-167.667","702.404"
511,0,"896.232","-165.396","709.221"
512,0,"899.825","-163.612","714.859"
513,0,"903.069","-162.404","718.983"
514,0,"905.987","-161.327","722.117"
515,0,"908.515","-160.551","724.323"
516,0,"910.565","-159.974","725.686"
517,0,"912.112","-159.445","726.259"
518,0,"913.212","-158.816","726.204"
519,0,"913.912","-157.966","725.61"
520,0,"914.301","-156.98","724.664"
521,0,"914.347","-155.994","723.349"
522,0,"913.885","-155.128","721.376"
523,0,"912.837","-154.287","718.503"
524,0,"911.171","-153.541","714.438"
525,0,"908.955","-152.872","709.081"
526,0,"906.238","-152.355","702.22"
527,0,"903.016","-152.007","693.976"
528,0,"898.921","-151.592","684.301"
529,0,"894.539","-151.552","673.761"
530,0,"889.606","-151.553","662.577"
531,0,"884.068","-151.62","650.764"
532,0,"877.95","-151.817","638.32"
533,0,"871.226","-152.275","624.955"
534,0,"863.835","-153.04","610.625"
535,0,"856.249","-154.033","595.804"
536,0,"847.777","-155.607","579.862"
537,0,"840.715","-156.462","564.381"
538,0,"nan","nan","nan"
539,0,"nan","nan","nan"
540,0,"813.311","-169.056","512.999"
541,0,"803.097","-176.689","493.475"
542,0,"794.671","-184.358","476.488"
543,0,"786.518","-193.853","459.688"
544,0,"778.709","-205.01","442.763"
545,0,"771.025","-216.91","425.998"
546,0,"762.912","-229.016","410.055"
547,0,"753.853","-240.402","396.424"
548,0,"744.409","-249.23","385.962"
549,0,"736.302","-254.661","378.211"
550,0,"730.679","-257.292","373.025"
551,0,"726.969","-258.077","369.908"
552,0,"723.382","-258.037","368.158"
553,0,"719.559","-258.388","366.938"
554,0,"716.418","-259.53","366.2"
555,0,"713.995","-261.303","366.367"
556,0,"712.509","-262.824","367.829"
557,0,"712.421","-263.446","370.475"
558,0,"713.275","-263.307","373.894"
559,0,"714.559","-262.656","377.702"
560,0,"716.139","-261.822","381.638"
561,0,"718.021","-261.418","385.533"
562,0,"720.872","-261.707","389.984"
563,0,"723.347","-263.205","393.423"
564,0,"726.017","-265.447","396.349"
565,0,"728.193","-268.389","398.089"
566,0,"731.114","-271.621","400.271"
567,0,"734.133","-275.3","402.382"
568,0,"737.254","-279.69","404.289"
569,0,"740.53","-284.928","405.904"
570,0,"743.873","-290.939","407.103"
571,0,"747.193","-297.492","407.868"
572,0,"750.575","-304.299","408.403"
573,0,"753.961","-311.11","408.89"
574,0,"757.278","-317.922","409.468"
575,0,"760.727","-324.84","410.164"
576,0,"764.403","-332.039","411.062"
577,0,"768.363","-339.482","412.258"
578,0,"772.563","-347.1","413.701"
579,0,"777.094","-354.77","415.408"
580,0,"781.971","-362.384","417.278"
581,0,"787.11","-370.015","419.163"
582,0,"792.542","-377.621","420.981"
583,0,"798.258","-385.193","422.637"
584,0,"804.212","-392.772","424.168"
585,0,"810.323","-400.436","425.534"
586,0,"816.706","-408.221","426.868"
587,0,"823.226","-416.206","428.138"
588,0,"830.005","-424.331","429.432"
589,0,"836.902","-432.614","430.733"
590,0,"843.865","-441.067","431.965"
591,0,"850.879","-449.741","433.196"
592,0,"857.872","-458.642","434.305"
593,0,"864.868","-467.776","435.325"
594,0,"871.812","-477.132","436.184"
595,0,"878.718","-486.707","436.841"
596,0,"885.565","-496.493","437.349"
597,0,"892.39","-506.522","437.652"
598,0,"899.21","-516.826","437.843"
599,0,"906.113","-527.497","437.954"
600,0,"913.025","-538.589","438.078"
601,0,"919.92","-550.04","438.242"
602,0,"926.789","-561.915","438.501"
603,0,"933.63","-573.972","438.891"
604,0,"940.305","-586.481","439.57"
605,0,"946.937","-598.87","440.154"
606,0,"953.458","-611.374","440.782"
607,0,"959.881","-624.07","441.479"
608,0,"966.045","-636.985","442.215"
609,0,"971.62","-650.193","442.59"
610,0,"977.287","-663.517","443.639"
611,0,"982.654","-676.952","444.859"
612,0,"987.831","-690.481","446.34"
613,0,"992.688","-704.009","448.033"
614,0,"997.234","-717.446","449.938"
615,0,"1001.5","-730.661","451.986"
616,0,"1005.49","-743.612","454.092"
617,0,"1009.15","-756.214","456.188"
618,0,"1012.57","-768.481","458.219"
619,0,"1015.66","-780.352","460.215"
620,0,"1018.5","-792.013","462.21"
621,0,"1020.98","-803.295","463.949"
622,0,"1023.53","-814.576","465.617"
623,0,"nan","nan","nan"
624,0,"nan","nan","nan"
625,0,"nan","nan","nan"
626,0,"nan","nan","nan"
627,0,"nan","nan","nan"
628,0,"1037.91","-878.401","470.797"
629,0,"1040.68","-888.237","470.774"
630,0,"1043.72","-897.536","470.434"
631,0,"1047.13","-906.161","469.6"
632,0,"1051.24","-914.439","467.753"
633,0,"1056.31","-923.226","464.524"
634,0,"1062.22","-932.506","459.904"
635,0,"1068.27","-942.154","453.912"
636,0,"1073.99","-951.934","447.434"
637,0,"1079.18","-960.644","442.656"
638,0,"1083.34","-970.879","442.244"
639,0,"1086.54","-981.398","443.825"
640,0,"1089.38","-990.846","445.454"
641,0,"1092.72","-998.978","446.212"
642,0,"1097.04","-1005.41","445.779"
643,0,"1102.05","-1010.37","444.256"
644,0,"1107.24","-1014.22","441.974"
645,0,"1111.79","-1016.77","438.882"
646,0,"1115.08","-1018.24","435.576"
647,0,"1116.81","-1019.45","433.21"
648,0,"1117.13","-1021.11","432.671"
649,0,"1116.81","-1022.52","433.267"
650,0,"1116.44","-1023.08","433.84"
651,0,"1116.27","-1022.93","434.268"
652,0,"1116.17","-1022.46","435.014"
653,0,"1115.86","-1021.79","436.36"
654,0,"1115.29","-1020.87","438.018"
655,0,"1114.52","-1019.71","439.721"
656,0,"1113.65","-1018.33","441.318"
657,0,"1112.79","-1016.72","442.873"
658,0,"1111.98","-1014.96","444.41"
659,0,"1111.28","-1013.04","445.923"
660,0,"1110.61","-1011.01","447.36"
661,0,"1109.83","-1008.93","448.714"
662,0,"1108.85","-1006.8","449.956"
663,0,"1107.7","-1004.65","451.12"
664,0,"1106.52","-1002.54","452.256"
665,0,"1105.38","-1000.46","453.348"
666,0,"1104.36","-998.402","454.334"
667,0,"1103.5","-996.478","455.229"
668,0,"1102.79","-994.626","455.884"
669,0,"1102.2","-992.961","456.412"
670,0,"1101.73","-991.458","456.716"
671,0,"1101.37","-990.189","456.851"
672,0,"1101.04","-989.145","456.792"
673,0,"1100.77","-988.32","456.614"
674,0,"1100.46","-987.743","456.359"
675,0,"1100.1","-987.485","456.113"
676,0,"1099.65","-987.456","455.845"
677,0,"1099.18","-987.645","455.644"
678,0,"1098.63","-988.08","455.458"
679,0,"1098.03","-988.658","455.232"
680,0,"1097.33","-989.42","454.929"
681,0,"1096.54","-990.352","454.493"
682,0,"1095.68","-991.295","453.906"
683,0,"1094.81","-992.282","453.259"
684,0,"1093.89","-993.17","452.563"
685,0,"1092.95","-994.001","451.955"
686,0,"1091.94","-994.607","451.434"
687,0,"1091.11","-995.304","451.587"
688,0,"1090.03","-995.533","451.383"
689,0,"1088.83","-995.561","451.467"
690,0,"1087.47","-995.363","451.871"
691,0,"1085.92","-994.95","452.54"
692,0,"1084.29","-994.26","453.412"
693,0,"1082.6","-993.247","454.422"
694,0,"1080.92","-991.892","455.606"
695,0,"1079.14","-990.153","456.82"
696,0,"1077.35","-988.032","458.264"
697,0,"1075.43","-985.501","459.691"
698,0,"1073.51","-982.489","461.235"
699,0,"1071.65","-979.048","462.876"
700,0,"1069.76","-975.159","464.596"
701,0,"1067.85","-970.775","466.321"
702,0,"1065.92","-965.903","468.162"
703,0,"1064","-960.542","470.018"
704,0,"1062.13","-954.702","471.775"
705,0,"1060.48","-948.357","473.458"
706,0,"1059.02","-941.497","474.976"
707,0,"1057.83","-934.135","476.265"
708,0,"1056.89","-926.263","477.403"
709,0,"1056.13","-917.932","478.197"
710,0,"1055.6","-909.07","478.64"
711,0,"1055.27","-899.518","478.456"
712,0,"1055.28","-889.854","478.537"
713,0,"1055.34","-879.922","478.418"
714,0,"1055.38","-869.802","478.039"
715,0,"1055.34","-859.585","477.464"
716,0,"1055.23","-849.38","476.61"
717,0,"1055.04","-839.349","475.539"
718,0,"1054.84","-829.681","474.245"
719,0,"1054.6","-820.525","472.702"
720,0,"1054.3","-811.959","470.956"
721,0,"1053.9","-803.92","469.049"
722,0,"1053.43","-796.322","467.219"
723,0,"1052.9","-789.127","465.39"
724,0,"1052.28","-782.415","463.765"
725,0,"1051.7","-776.119","462.34"
726,0,"1051.25","-770.184","461.243"
727,0,"nan","nan","nan"
728,0,"nan","nan","nan"
729,0,"nan","nan","nan"
730,0,"1053.93","-748.472","459.112"
731,0,"1055.99","-742.841","458.591"
732,0,"1058.51","-736.615","457.559"
733,0,"1060.9","-729.846","455.687"
734,0,"1062.54","-722.461","453.059"
735,0,"1063.25","-714.484","450.124"
736,0,"1063.18","-706.34","447.342"
737,0,"nan","nan","nan"
738,0,"nan","nan","nan"
739,0,"nan","nan","nan"
740,0,"nan","nan","nan"
741,0,"nan","nan","nan"
742,0,"nan","nan","nan"
743,0,"nan","nan","nan"
744,0,"nan","nan","nan"
745,0,"nan","nan","nan"
746,0,"1057.93","-613.656","428.833"
747,0,"1057.05","-602.83","427.138"
748,0,"1055.98","-591.74","425.503"
749,0,"1054.93","-580.541","423.986"
750,0,"1053.46","-568.982","422.567"
751,0,"1051.58","-557.192","421.198"
752,0,"1049.24","-545.187","419.778"
753,0,"1046.35","-533.011","418.339"
754,0,"1043","-520.699","416.828"
755,0,"1039.38","-508.387","415.446"
756,0,"1035.56","-495.951","413.997"
757,0,"1031.49","-483.553","412.758"
758,0,"1027.35","-471.175","411.478"
759,0,"1022.66","-458.78","410.299"
760,0,"1017.59","-446.566","409.17"
761,0,"1012.09","-434.537","407.945"
762,0,"1007.46","-423.213","406.312"
763,0,"1002.65","-412.16","405.472"
764,0,"999.208","-401.851","406.483"
765,0,"996.058","-390.639","407.185"
766,0,"993.73","-379.737","407.95"
767,0,"991.449","-369.201","408.421"
768,0,"nan","nan","nan"
769,0,"987.087","-351.325","410.873"
770,0,"984.581","-343.129","411.585"
771,0,"981.375","-335.14","412.017"
772,0,"979.491","-327.855","412.202"
773,0,"977.342","-320.172","412.086"
774,0,"975.755","-312.882","412.768"
775,0,"974.507","-305.281","413.177"
776,0,"973.565","-298.552","414.544"
777,0,"972.547","-293.278","417.651"
778,0,"972.052","-287.673","419.976"
779,0,"971.628","-282.406","422.374"
780,0,"971.125","-277.381","424.614"
781,0,"970.516","-272.814","426.899"
782,0,"969.449","-268.751","429.191"
783,0,"967.795","-264.77","430.963"
784,0,"965.864","-261.255","432.922"
785,0,"963.572","-257.38","434.23"
786,0,"961.43","-252.373","434.051"
787,0,"959.414","-248.061","434.832"
788,0,"957.632","-243.577","435.57"
789,0,"956.25","-239.252","436.633"
790,0,"955.182","-234.945","437.814"
791,0,"nan","nan","nan"
792,0,"nan","nan","nan"
793,0,"951.617","-220.779","440.45"
794,0,"950.942","-216.106","440.995"
795,0,"950.029","-211.303","441.418"
796,0,"948.764","-206.451","441.628"
797,0,"947.433","-201.664","441.602"
798,0,"945.854","-197.005","441.463"
799,0,"944.183","-192.512","441.204"
800,0,"942.757","-188.348","441.088"
801,0,"941.267","-184.578","440.716"
802,0,"939.951","-181.011","440.629"
803,0,"938.74","-177.855","440.742"
804,0,"937.717","-175.112","441.003"
805,0,"936.694","-172.659","441.335"
806,0,"935.873","-170.517","441.709"
807,0,"935.01","-168.526","442.074"
808,0,"934.223","-166.672","442.382"
809,0,"933.35","-164.934","442.775"
810,0,"932.506","-163.33","443.227"
811,0,"931.588","-161.789","443.694"
812,0,"930.499","-160.209","444.093"
813,0,"929.343","-158.617","444.438"
814,0,"928.099","-157.038","444.843"
815,0,"926.651","-155.429","445.315"
816,0,"925.105","-153.84","445.743"
817,0,"923.505","-152.256","446.208"
818,0,"921.616","-150.557","446.626"
819,0,"920.206","-148.783","446.621"
820,0,"918.591","-146.992","446.772"
821,0,"916.969","-145.023","446.816"
822,0,"915.583","-143.341","447.442"
823,0,"914.089","-141.128","447.609"
824,0,"912.564","-139.012","448.153"
825,0,"910.756","-136.56","448.604"
826,0,"909.318","-133.953","448.803"
827,0,"907.074","-130.753","448.784"
828,0,"905.11","-127.882","449.442"
829,0,"902.613","-124.349","449.529"
830,0,"899.988","-120.5","449.475"
831,0,"896.88","-116.209","449.307"
832,0,"894.364","-111.816","449.023"
833,0,"891.426","-107.077","448.737"
834,0,"888.526","-102.021","448.374"
835,0,"885.674","-96.6861","448.029"
836,0,"882.92","-91.1009","447.781"
837,0,"880.273","-85.3231","447.704"
838,0,"877.669","-79.3426","447.589"
839,0,"875.347","-73.3154","447.639"
840,0,"873.314","-67.3126","447.716"
841,0,"871.386","-61.5485","447.765"
842,0,"869.516","-56.0655","447.894"
843,0,"867.433","-50.8886","448.047"
844,0,"865.346","-46.0246","448.319"
845,0,"863.269","-41.4527","448.796"
846,0,"861.241","-37.1017","449.602"
847,0,"859.376","-32.9791","450.908"
848,0,"857.489","-28.9627","452.451"
849,0,"855.933","-25.2487","454.505"
850,0,"854.582","-21.7763","456.872"
851,0,"853.36","-18.5288","459.43"
852,0,"852.188","-15.5142","462.02"
853,0,"851.086","-12.671","464.381"
854,0,"850.057","-10.2184","466.629"
855,0,"848.876","-8.17793","468.621"
856,0,"847.566","-6.48022","470.484"
857,0,"846.088","-5.09552","472.169"
858,0,"844.491","-3.96988","473.65"
859,0,"842.693","-3.06923","474.927"
860,0,"840.672","-2.45969","476.048"
861,0,"838.344","-2.05538","477.02"
862,0,"835.752","-1.75221","477.817"
863,0,"833.155","-1.81943","478.622"
864,0,"830.799","-1.81823","479.153"
865,0,"828.722","-1.34533","478.894"
866,0,"826.734","-0.573403","478.095"
867,0,"824.66","0.339552","477.239"
868,0,"822.414","1.49593","476.437"
869,0,"820.131","2.8403","475.69"
870,0,"817.469","4.69053","474.697"
871,0,"815.026","6.31835","474.43"
872,0,"812.739","8.38373","473.795"
873,0,"810.595","10.7317","473.142"
874,0,"808.663","13.3575","472.513"
875,0,"806.909","16.3712","471.792"
876,0,"805.442","19.6907","471.049"
877,0,"804.192","23.3037","470.349"
878,0,"803.139","27.2071","469.633"
879,0,"802.094","31.335","468.843"
880,0,"801.068","35.7217","468.155"
881,0,"800.023","40.4176","467.128"
882,0,"798.96","45.3681","466.079"
883,0,"797.895","50.3428","465.241"
884,0,"796.8","55.5615","464.428"
885,0,"795.784","60.7559","463.838"
886,0,"795.091","65.9871","463.114"
887,0,"793.945","71.63","462.065"
888,0,"792.845","77.374","461.099"
889,0,"791.654","83.1979","460.056"
890,0,"790.506","89.0423","459.04"
891,0,"789.216","95.1043","457.838"
892,0,"787.506","101.415","456.649"
893,0,"786.358","107.424","455.168"
894,0,"784.962","113.324","453.693"
895,0,"784.032","118.93","451.818"
896,0,"782.386","125.021","449.567"
897,0,"781.062","130.605","447.216"
898,0,"779.724","135.559","445.013"
899,0,"778.11","140.056","442.669"
900,0,"776.251","144.369","440.37"
901,0,"774.624","148.656","438.443"
902,0,"774.046","152.583","437.388"
903,0,"775.134","155.853","437.374"
904,0,"777.567","158.897","437.989"
905,0,"780.783","161.617","438.903"
906,0,"784.736","163.813","439.696"
907,0,"788.305","166.147","440.251"
908,0,"791.383","168.54","440.413"
909,0,"793.597","170.705","440.132"
910,0,"794.651","172.511","439.602"
911,0,"795.041","174.035","438.96"
912,0,"795.248","175.441","438.252"
913,0,"795.725","176.675","437.477"
914,0,"796.408","177.729","436.688"
915,0,"797.107","178.509","435.953"
916,0,"797.526","179.238","435.165"
917,0,"798.535","179.149","434.836"
918,0,"798.925","179.47","434.514"
919,0,"799.8","179.451","434.283"
920,0,"800.557","179.257","434.163"
921,0,"801.513","178.698","434.131"
922,0,"801.809","178.163","434.115"
923,0,"801.368","177.799","434.093"
924,0,"801.169","177.044","434.086"
925,0,"801.035","175.777","434.458"
926,0,"800.311","175.131","433.967"
927,0,"799.685","173.978","433.944"
928,0,"799.104","172.693","433.899"
929,0,"798.595","171.31","433.997"
930,0,"798.194","169.796","434.065"
931,0,"797.95","168.306","434.286"
932,0,"797.734","166.664","434.443"
933,0,"797.517","165.056","434.596"
934,0,"797.192","163.402","434.771"
935,0,"796.792","161.727","435.048"
936,0,"796.348","159.925","435.241"
937,0,"795.889","158.109","435.576"
938,0,"795.424","156.244","435.95"
939,0,"795.108","154.174","436.37"
940,0,"794.734","152.036","436.748"
941,0,"794.326","149.866","437.283"
942,0,"793.839","147.486","437.839"
943,0,"793.286","144.897","438.388"
944,0,"792.708","142.26","438.847"
945,0,"792.229","139.666","439.033"
946,0,"791.822","137.078","439.029"
947,0,"791.407","134.353","438.973"
948,0,"790.942","131.59","438.81"
949,0,"790.475","128.834","438.688"
950,0,"789.988","126.139","438.596"
951,0,"789.454","123.386","438.357"
952,0,"788.835","120.754","438.146"
953,0,"788.129","118.255","437.872"
954,0,"787.341","115.864","437.477"
955,0,"786.448","113.498","437.037"
956,0,"785.595","111.017","436.836"
957,0,"784.554","108.763","436.518"
958,0,"783.473","106.645","436.131"
959,0,"782.369","104.58","435.751"
960,0,"781.346","102.589","435.396"
961,0,"780.304","100.647","434.959"
962,0,"779.328","98.7944","434.605"
963,0,"778.384","97.008","434.275"
964,0,"777.398","95.3014","433.972"
965,0,"776.367","93.7104","433.647"
966,0,"775.332","92.0317","433.565"
967,0,"774.096","90.6009","433.292"
968,0,"772.73","89.2318","433.06"
969,0,"771.036","88.0606","432.629"
970,0,"769.419","86.7165","432.39"
971,0,"767.626","85.52","431.925"
972,0,"765.752","84.4149","431.53"
973,0,"763.783","83.2656","431.152"
974,0,"761.738","82.2496","430.659"
975,0,"759.688","81.1087","430.206"
976,0,"757.628","80.0626","429.83"
977,0,"755.574","79.1009","429.382"
978,0,"753.57","78.1753","428.984"
979,0,"751.661","77.3877","428.626"
980,0,"749.989","76.5283","428.386"
981,0,"748.35","75.7551","428.146"
982,0,"746.75","75.083","427.808"
983,0,"745.238","74.3767","427.445"
984,0,"743.852","73.7072","427.092"
985,0,"742.492","73.0704","426.665"
986,0,"741.087","72.4014","426.283"
987,0,"739.761","71.7273","425.925"
988,0,"738.382","71.0422","425.513"
989,0,"737.137","70.2705","425.172"
990,0,"735.842","69.6955","424.518"
991,0,"734.878","68.9418","424.121"
992,0,"733.842","68.2585","423.697"
993,0,"732.893","67.6515","423.07"
994,0,"732.251","66.8569","422.797"
995,0,"731.47","66.2","422.258"
996,0,"730.992","65.4745","421.837"
997,0,"730.454","64.8769","421.268"
998,0,"730.042","64.2103","420.786"
999,0,"729.613","63.6251","420.279"
1000,0,"729.424","62.8667","419.992"
1001,0,"728.944","62.3631","419.421"
1002,0,"728.69","61.7459","419.015"
1003,0,"728.481","61.1489","418.769"
1004,0,"728.321","60.5546","418.558"
1005,0,"728.086","59.9758","418.334"
1006,0,"727.951","59.3933","418.227"
1007,0,"727.79","58.9186","418.037"
1008,0,"727.67","58.454","417.803"
1009,0,"727.465","58.0856","417.501"
1010,0,"727.375","57.725","417.283"
1011,0,"727.211","57.4521","417.022"
1012,0,"727.036","57.1853","416.895"
1013,0,"726.799","57.0378","416.667"
1014,0,"726.652","56.9013","416.525"
1015,0,"726.657","56.7743","416.477"
1016,0,"726.701","56.6957","416.438"
1017,0,"726.662","56.7001","416.312"
1018,0,"726.654","56.7237","416.199"
1019,0,"726.745","56.7035","416.136"
