Frame,Sub Frame,"Reconstruction Position - Unlabeled Track (529)",,
,,"TX","TY","TZ"
Frames,Frames,"mm","mm","mm"
1,0,"421.577","71.3899","1302.95"
2,0,"421.604","71.3821","1302.95"
3,0,"421.615","71.3925","1302.96"
4,0,"421.631","71.3901","1302.98"
5,0,"421.633","71.402","1303"
6,0,"421.621","71.409","1303.04"
7,0,"421.6","71.432","1303.08"
8,0,"421.605","71.4398","1303.14"
9,0,"421.577","71.4746","1303.21"
10,0,"421.574","71.5126","1303.28"
11,0,"421.555","71.5451","1303.35"
12,0,"421.535","71.5863","1303.41"
13,0,"421.535","71.6126","1303.47"
14,0,"421.502","71.6588","1303.52"
15,0,"421.491","71.6896","1303.57"
16,0,"421.486","71.7162","1303.6"
17,0,"421.484","71.7421","1303.63"
18,0,"421.468","71.776","1303.66"
19,0,"421.482","71.7919","1303.66"
20,0,"421.488","71.8082","1303.67"
21,0,"421.496","71.8268","1303.68"
22,0,"421.495","71.8523","1303.7"
23,0,"421.495","71.8694","1303.7"
24,0,"421.504","71.8704","1303.72"
25,0,"421.521","71.8864","1303.72"
26,0,"421.517","71.8876","1303.74"
27,0,"421.533","71.893","1303.75"
28,0,"421.537","71.8997","1303.77"
29,0,"421.531","71.9169","1303.81"
30,0,"421.556","71.9372","1303.82"
31,0,"421.57","71.944","1303.85"
32,0,"421.577","71.949","1303.88"
33,0,"421.585","71.9607","1303.9"
34,0,"421.603","71.975","1303.92"
35,0,"421.604","71.9774","1303.95"
36,0,"421.623","71.9747","1303.98"
37,0,"421.659","71.9839","1303.98"
38,0,"421.68","71.9741","1304"
39,0,"421.715","71.9739","1304"
40,0,"421.735","71.9723","1304.01"
41,0,"421.772","71.9651","1304.01"
42,0,"421.792","71.9605","1304.02"
43,0,"421.812","71.9627","1304.03"
44,0,"421.844","71.9589","1304.03"
45,0,"421.879","71.9646","1304.03"
46,0,"421.917","71.9639","1304.03"
47,0,"421.955","71.9494","1304.03"
48,0,"421.978","71.9454","1304.04"
49,0,"422.033","71.9348","1304.03"
50,0,"422.066","71.9205","1304.02"
51,0,"422.108","71.9162","1304"
52,0,"422.143","71.9063","1303.99"
53,0,"422.174","71.9017","1303.98"
54,0,"422.187","71.8936","1303.98"
55,0,"422.202","71.8943","1303.99"
56,0,"422.216","71.8996","1304.01"
57,0,"422.223","71.9076","1304.03"
58,0,"422.242","71.9259","1304.04"
59,0,"422.251","71.9526","1304.06"
60,0,"422.261","71.9781","1304.07"
61,0,"422.261","72.0135","1304.1"
62,0,"422.269","72.0535","1304.11"
63,0,"422.266","72.0869","1304.12"
64,0,"422.28","72.1297","1304.11"
65,0,"422.299","72.1699","1304.1"
66,0,"422.287","72.207","1304.1"
67,0,"422.308","72.2652","1304.08"
68,0,"422.315","72.3244","1304.06"
69,0,"422.34","72.3806","1304.03"
70,0,"422.367","72.4408","1304.01"
71,0,"422.379","72.5095","1304"
72,0,"422.399","72.5719","1303.98"
73,0,"422.437","72.6211","1303.95"
74,0,"422.456","72.6693","1303.93"
75,0,"422.461","72.7261","1303.91"
76,0,"422.482","72.764","1303.89"
77,0,"422.5","72.814","1303.88"
78,0,"422.516","72.8649","1303.88"
79,0,"422.54","72.9153","1303.87"
80,0,"422.545","72.9789","1303.87"
81,0,"422.572","73.0238","1303.86"
82,0,"422.575","73.0885","1303.86"
83,0,"422.591","73.1461","1303.87"
84,0,"422.601","73.2097","1303.88"
85,0,"422.62","73.271","1303.88"
86,0,"422.634","73.3358","1303.89"
87,0,"422.643","73.3902","1303.89"
88,0,"422.661","73.4438","1303.89"
89,0,"422.662","73.4759","1303.9"
90,0,"422.679","73.5103","1303.91"
91,0,"422.692","73.5552","1303.92"
92,0,"422.708","73.593","1303.92"
93,0,"422.718","73.6307","1303.92"
94,0,"422.744","73.6716","1303.91"
95,0,"422.743","73.7163","1303.91"
96,0,"422.751","73.7519","1303.89"
97,0,"422.768","73.7869","1303.88"
98,0,"422.785","73.8012","1303.86"
99,0,"422.816","73.8117","1303.81"
100,0,"422.834","73.826","1303.79"
101,0,"422.853","73.8264","1303.77"
102,0,"422.849","73.8125","1303.76"
103,0,"422.86","73.8236","1303.75"
104,0,"422.861","73.8057","1303.77"
105,0,"422.867","73.815","1303.79"
106,0,"422.864","73.8397","1303.82"
107,0,"422.865","73.8365","1303.84"
108,0,"422.869","73.8461","1303.87"
109,0,"422.868","73.8545","1303.89"
110,0,"422.87","73.8749","1303.9"
111,0,"422.863","73.9026","1303.92"
112,0,"422.872","73.9137","1303.92"
113,0,"422.869","73.93","1303.92"
114,0,"422.884","73.9427","1303.92"
115,0,"422.895","73.9581","1303.9"
116,0,"422.897","73.9724","1303.89"
117,0,"422.893","73.9858","1303.88"
118,0,"422.897","73.9993","1303.86"
119,0,"422.903","74.013","1303.85"
120,0,"422.9","74.0272","1303.82"
121,0,"422.908","74.037","1303.8"
122,0,"422.903","74.0421","1303.8"
123,0,"422.901","74.0484","1303.79"
124,0,"422.889","74.0568","1303.79"
125,0,"422.873","74.0639","1303.8"
126,0,"422.841","74.0737","1303.81"
127,0,"422.801","74.0849","1303.82"
128,0,"422.744","74.0882","1303.84"
129,0,"422.673","74.0929","1303.85"
130,0,"422.578","74.0996","1303.85"
131,0,"422.46","74.1196","1303.84"
132,0,"422.289","74.135","1303.86"
133,0,"422.083","74.1634","1303.87"
134,0,"421.856","74.2045","1303.87"
135,0,"421.577","74.2346","1303.86"
136,0,"421.279","74.2748","1303.82"
137,0,"420.88","74.3361","1303.78"
138,0,"420.46","74.4347","1303.7"
139,0,"420.007","74.537","1303.59"
140,0,"419.454","74.6903","1303.45"
141,0,"418.833","74.829","1303.28"
142,0,"418.11","75.0776","1303.11"
143,0,"417.312","75.3315","1302.95"
144,0,"416.438","75.6594","1302.74"
145,0,"415.447","76.032","1302.57"
146,0,"414.354","76.4364","1302.38"
147,0,"413.21","76.8642","1302.13"
148,0,"411.963","77.3428","1301.83"
149,0,"410.603","77.8364","1301.51"
150,0,"409.14","78.3636","1301.15"
151,0,"407.563","78.9353","1300.73"
152,0,"405.887","79.4941","1300.3"
153,0,"404.135","80.1537","1299.81"
154,0,"402.263","80.7922","1299.31"
155,0,"400.326","81.5214","1298.78"
156,0,"398.275","82.2674","1298.25"
157,0,"396.216","83.0597","1297.68"
158,0,"393.994","83.938","1297.15"
159,0,"391.799","84.8504","1296.6"
160,0,"389.474","85.8126","1296.09"
161,0,"387.165","86.8423","1295.59"
162,0,"384.816","87.8919","1295.1"
163,0,"382.455","89.0325","1294.64"
164,0,"380.068","90.1463","1294.19"
165,0,"377.723","91.2883","1293.77"
166,0,"375.348","92.4297","1293.38"
167,0,"373.025","93.5699","1293.01"
168,0,"370.74","94.6698","1292.66"
169,0,"368.494","95.7515","1292.34"
170,0,"366.347","96.7863","1292"
171,0,"364.256","97.7267","1291.65"
172,0,"362.256","98.6022","1291.29"
173,0,"360.339","99.3685","1290.94"
174,0,"358.553","100.022","1290.58"
175,0,"356.853","100.538","1290.17"
176,0,"355.285","100.932","1289.73"
177,0,"353.782","101.116","1289.31"
178,0,"352.468","101.18","1288.83"
179,0,"351.237","101.01","1288.42"
180,0,"350.108","100.709","1287.98"
181,0,"349.134","100.22","1287.56"
182,0,"348.244","99.5884","1287.24"
183,0,"347.465","98.8315","1286.95"
184,0,"346.814","97.9808","1286.71"
185,0,"346.215","96.9792","1286.56"
186,0,"345.755","95.941","1286.46"
187,0,"345.415","94.804","1286.44"
188,0,"345.147","93.5544","1286.46"
189,0,"345.02","92.2003","1286.48"
190,0,"345.008","90.7372","1286.59"
191,0,"345.187","89.1599","1286.75"
192,0,"345.441","87.4201","1287.01"
193,0,"345.893","85.592","1287.23"
194,0,"346.436","83.6032","1287.5"
195,0,"347.059","81.3975","1287.69"
196,0,"347.831","79.0556","1287.82"
197,0,"349.012","76.9811","1288.01"
198,0,"350.245","74.9054","1288.32"
199,0,"351.381","72.398","1288.45"
200,0,"352.639","69.8041","1288.52"
201,0,"353.998","67.1867","1288.53"
202,0,"355.411","64.4624","1288.49"
203,0,"356.943","61.7016","1288.41"
204,0,"358.584","58.9404","1288.3"
205,0,"360.314","56.1275","1288.19"
206,0,"362.192","53.3602","1288.02"
207,0,"364.173","50.5554","1287.84"
208,0,"366.346","47.7847","1287.61"
209,0,"368.7","44.9961","1287.32"
210,0,"371.226","42.2277","1287"
211,0,"373.975","39.4597","1286.64"
212,0,"376.915","36.6558","1286.22"
213,0,"380.047","33.7862","1285.75"
214,0,"383.324","30.7776","1285.32"
215,0,"386.752","27.652","1284.89"
216,0,"390.02","24.3634","1284.76"
217,0,"393.461","20.8815","1284.49"
218,0,"396.884","17.2584","1284.2"
219,0,"400.165","13.4522","1283.99"
220,0,"403.306","9.46877","1283.79"
221,0,"406.252","5.23109","1283.57"
222,0,"408.992","0.777196","1283.28"
223,0,"411.547","-3.83965","1282.94"
224,0,"413.948","-8.568","1282.53"
225,0,"416.157","-13.3505","1282.08"
226,0,"418.188","-18.1434","1281.57"
227,0,"420.023","-22.9997","1280.99"
228,0,"421.642","-27.8027","1280.31"
229,0,"423.073","-32.677","1279.44"
230,0,"424.357","-37.5376","1278.49"
231,0,"425.493","-42.4166","1277.42"
232,0,"426.465","-47.2745","1276.29"
233,0,"427.353","-52.1354","1275.03"
234,0,"428.093","-56.9331","1273.71"
235,0,"428.817","-61.6891","1272.35"
236,0,"429.422","-66.3489","1271.04"
237,0,"430.002","-70.8815","1269.72"
238,0,"430.546","-75.2727","1268.53"
239,0,"431.006","-79.4553","1267.45"
240,0,"431.408","-83.4582","1266.5"
241,0,"431.76","-87.2464","1265.67"
242,0,"432.074","-90.8312","1265.02"
243,0,"432.398","-94.2251","1264.49"
244,0,"432.714","-97.3858","1264.11"
245,0,"433.117","-100.308","1263.85"
246,0,"433.51","-102.989","1263.75"
247,0,"433.942","-105.403","1263.77"
248,0,"434.428","-107.57","1263.79"
249,0,"434.914","-109.596","1263.94"
250,0,"435.457","-111.433","1264.12"
251,0,"436.013","-113.056","1264.31"
252,0,"436.604","-114.53","1264.49"
253,0,"437.194","-115.896","1264.7"
254,0,"437.789","-117.129","1264.93"
255,0,"438.383","-118.208","1265.06"
256,0,"438.936","-119.182","1265.21"
257,0,"439.542","-119.994","1265.29"
258,0,"440.086","-120.715","1265.32"
259,0,"440.675","-121.328","1265.32"
260,0,"441.264","-121.799","1265.28"
261,0,"441.878","-122.161","1265.22"
262,0,"442.464","-122.39","1265.18"
263,0,"443.079","-122.472","1265.1"
264,0,"443.755","-122.412","1265"
265,0,"444.467","-122.205","1264.89"
266,0,"445.176","-121.893","1264.79"
267,0,"445.927","-121.389","1264.67"
268,0,"446.69","-120.776","1264.54"
269,0,"447.449","-119.986","1264.41"
270,0,"448.285","-119.058","1264.31"
271,0,"449.136","-117.942","1264.18"
272,0,"450.038","-116.656","1264.06"
273,0,"450.982","-115.232","1263.91"
274,0,"451.884","-113.685","1263.82"
275,0,"452.852","-112.006","1263.71"
276,0,"453.817","-110.199","1263.65"
277,0,"454.779","-108.175","1263.67"
278,0,"455.733","-105.993","1263.78"
279,0,"456.699","-103.65","1263.97"
280,0,"457.565","-101.141","1264.24"
281,0,"458.461","-98.4774","1264.56"
282,0,"459.326","-95.6617","1264.93"
283,0,"460.184","-92.6759","1265.33"
284,0,"461.028","-89.5161","1265.77"
285,0,"461.87","-86.2539","1266.2"
286,0,"462.769","-82.899","1266.61"
287,0,"463.671","-79.4292","1267.05"
288,0,"464.604","-75.8428","1267.48"
289,0,"465.566","-72.1064","1267.94"
290,0,"466.528","-68.1943","1268.41"
291,0,"467.506","-64.0965","1268.84"
292,0,"468.474","-59.8298","1269.29"
293,0,"469.403","-55.4272","1269.74"
294,0,"470.328","-50.9168","1270.13"
295,0,"471.197","-46.2818","1270.45"
296,0,"472.125","-41.5449","1270.73"
297,0,"473.043","-36.6478","1270.97"
298,0,"473.959","-31.6154","1271.22"
299,0,"474.901","-26.4141","1271.47"
300,0,"475.846","-21.0464","1271.75"
301,0,"476.825","-15.5431","1272.11"
302,0,"477.859","-9.82416","1272.49"
303,0,"478.896","-3.94355","1272.94"
304,0,"479.962","2.17088","1273.43"
305,0,"481.037","8.52632","1273.95"
306,0,"482.141","15.1125","1274.53"
307,0,"483.268","21.9135","1275.15"
308,0,"484.43","28.9241","1275.85"
309,0,"485.604","36.1017","1276.6"
310,0,"486.836","43.449","1277.39"
311,0,"488.096","50.9756","1278.18"
312,0,"489.365","58.5845","1278.97"
313,0,"490.657","66.3126","1279.7"
314,0,"491.951","74.0766","1280.4"
315,0,"493.265","81.9524","1280.99"
316,0,"494.578","89.8524","1281.55"
317,0,"495.878","97.8443","1281.99"
318,0,"497.169","105.879","1282.36"
319,0,"498.443","113.961","1282.62"
320,0,"499.726","122.102","1282.8"
321,0,"500.994","130.25","1282.93"
322,0,"502.281","138.45","1283"
323,0,"503.551","146.632","1283.01"
324,0,"504.862","154.841","1282.98"
325,0,"506.148","163.019","1282.89"
326,0,"507.49","171.215","1282.77"
327,0,"508.873","179.376","1282.6"
328,0,"510.298","187.469","1282.44"
329,0,"511.848","195.535","1282.32"
330,0,"513.525","203.617","1282.23"
331,0,"515.334","211.677","1282.22"
332,0,"517.326","219.744","1282.3"
333,0,"519.53","227.888","1282.43"
334,0,"521.888","236.089","1282.57"
335,0,"524.378","244.332","1282.71"
336,0,"526.931","252.593","1282.88"
337,0,"529.574","260.864","1283.06"
338,0,"532.221","269.18","1283.25"
339,0,"534.884","277.54","1283.45"
340,0,"537.507","286.009","1283.66"
341,0,"540.131","294.565","1283.88"
342,0,"542.721","303.211","1284.18"
343,0,"545.385","312.018","1284.52"
344,0,"548.128","320.952","1284.93"
345,0,"550.975","330.053","1285.44"
346,0,"553.989","339.306","1286.02"
347,0,"557.15","348.654","1286.75"
348,0,"560.466","358.149","1287.63"
349,0,"563.949","367.756","1288.65"
350,0,"567.507","377.222","1290.02"
351,0,"571.299","387.008","1291.26"
352,0,"575.283","396.903","1292.6"
353,0,"579.439","406.944","1293.96"
354,0,"583.834","417.296","1295.18"
355,0,"588.365","427.499","1296.47"
356,0,"593.043","437.669","1297.69"
357,0,"597.877","447.758","1298.79"
358,0,"602.867","457.756","1299.74"
359,0,"607.994","467.623","1300.56"
360,0,"613.17","477.319","1301.18"
361,0,"618.415","486.806","1301.61"
362,0,"623.663","496.129","1301.79"
363,0,"629.005","505.268","1301.69"
364,0,"634.472","514.207","1301.32"
365,0,"639.999","522.986","1300.68"
366,0,"645.598","531.571","1299.74"
367,0,"651.234","539.982","1298.52"
368,0,"656.957","548.263","1297.03"
369,0,"662.743","556.354","1295.16"
370,0,"668.584","564.29","1292.91"
371,0,"674.479","572.064","1290.18"
372,0,"680.458","579.658","1286.97"
373,0,"686.45","586.982","1283.35"
374,0,"692.337","593.853","1279.35"
375,0,"697.949","599.963","1275.12"
376,0,"703.198","605.301","1270.66"
377,0,"708.2","609.879","1266"
378,0,"713.206","613.949","1261.17"
379,0,"718.347","617.672","1256.32"
380,0,"723.461","621.238","1251.38"
381,0,"728.654","624.81","1246.21"
382,0,"733.651","628.114","1240.77"
383,0,"738.248","631.12","1234.85"
384,0,"742.526","633.831","1228.49"
385,0,"746.946","636.247","1221.84"
386,0,"751.429","638.343","1214.99"
387,0,"755.395","640.3","1207.84"
388,0,"759.845","641.799","1200.9"
389,0,"763.292","643.387","1193.31"
390,0,"767.041","644.555","1185.91"
391,0,"770.602","645.569","1178.49"
392,0,"773.74","646.441","1170.84"
393,0,"776.818","647.224","1163.39"
394,0,"779.4","647.886","1155.61"
395,0,"782.371","648.396","1148.29"
396,0,"785.071","648.635","1140.66"
397,0,"787.831","648.889","1133.42"
398,0,"790.372","648.913","1126.02"
399,0,"792.743","648.726","1118.56"
400,0,"795.198","648.477","1111.33"
401,0,"797.318","648.143","1103.99"
402,0,"799.303","647.756","1096.7"
403,0,"801.117","647.278","1089.62"
404,0,"802.919","646.798","1082.83"
405,0,"804.267","646.129","1075.93"
406,0,"805.513","645.367","1069.26"
407,0,"807.093","644.666","1063.24"
408,0,"808.626","643.989","1057.64"
409,0,"809.353","643.011","1051.95"
410,0,"810.009","642.137","1046.59"
411,0,"810.558","641.247","1041.6"
412,0,"810.89","640.337","1036.93"
413,0,"811.071","639.486","1032.66"
414,0,"811.091","638.612","1028.73"
415,0,"811.139","637.677","1025.28"
416,0,"811.141","636.653","1022.13"
417,0,"811.1","635.491","1019.31"
418,0,"810.981","634.217","1016.88"
419,0,"810.634","632.896","1014.74"
420,0,"810.176","631.527","1013.02"
421,0,"809.64","630.135","1011.63"
422,0,"808.945","628.687","1010.57"
423,0,"808.13","627.169","1009.88"
424,0,"807.091","625.586","1009.45"
425,0,"805.957","623.902","1009.42"
426,0,"804.769","622.136","1009.85"
427,0,"803.428","620.331","1010.62"
428,0,"801.989","618.488","1011.79"
429,0,"800.486","616.582","1013.38"
430,0,"798.88","614.653","1015.27"
431,0,"797.134","612.678","1017.45"
432,0,"795.377","610.632","1020"
433,0,"793.541","608.526","1022.82"
434,0,"791.573","606.368","1025.84"
435,0,"789.521","604.104","1029.15"
436,0,"787.357","601.728","1032.68"
437,0,"785.065","599.234","1036.36"
438,0,"782.758","596.609","1040.23"
439,0,"780.56","593.84","1044.35"
440,0,"778.459","590.887","1048.66"
441,0,"776.426","587.77","1053.1"
442,0,"774.558","584.462","1057.71"
443,0,"772.848","580.977","1062.43"
444,0,"771.145","577.492","1067.38"
445,0,"769.602","573.638","1072.17"
446,0,"768.272","569.551","1077.11"
447,0,"766.857","565.246","1081.96"
448,0,"765.368","560.725","1086.63"
449,0,"763.479","556.159","1090.85"
450,0,"762.123","551.203","1095.45"
451,0,"760.517","546.05","1099.69"
452,0,"758.892","540.645","1103.73"
453,0,"757.276","534.999","1107.51"
454,0,"755.551","528.881","1110.83"
455,0,"753.788","522.308","1113.86"
456,0,"751.961","515.355","1116.63"
457,0,"750.043","508.16","1119.17"
458,0,"747.741","500.901","1121.47"
459,0,"745.551","493.426","1124.13"
460,0,"743.453","485.977","1127.27"
461,0,"741.437","478.52","1130.73"
462,0,"739.127","470.997","1134.53"
463,0,"736.513","463.28","1138.66"
464,0,"733.615","455.046","1142.9"
465,0,"730.564","446.383","1147.62"
466,0,"727.191","437.281","1152.49"
467,0,"723.893","427.794","1158.09"
468,0,"720.842","418.076","1164.66"
469,0,"717.033","407.018","1172.06"
470,0,"713.221","395.57","1180.05"
471,0,"709.399","383.379","1188.97"
472,0,"705.621","370.592","1198.59"
473,0,"701.7","356.446","1209.37"
474,0,"698.587","341.939","1220.33"
475,0,"695.943","326.635","1231.83"
476,0,"693.605","310.485","1243.78"
477,0,"692.233","293.212","1256.46"
478,0,"689.584","274.93","1269.53"
479,0,"688.501","256.136","1283.39"
480,0,"687.905","236.84","1298.05"
481,0,"687.717","217.031","1313.29"
482,0,"688.011","196.847","1329.06"
483,0,"688.617","176.53","1345.09"
484,0,"689.698","156.165","1361.37"
485,0,"691.17","136.236","1377.64"
486,0,"693.565","118.701","1394.36"
487,0,"694.015","100.05","1411.92"
488,0,"693.99","80.3167","1429.89"
489,0,"694.615","61.274","1449.06"
490,0,"694.998","41.6138","1468.75"
491,0,"695.51","21.3447","1488.79"
492,0,"696.048","0.455579","1508.24"
493,0,"697.108","-21.0458","1527.42"
494,0,"698.664","-43.3268","1546.17"
495,0,"700.858","-66.252","1564.04"
496,0,"703.756","-90.14","1581.08"
497,0,"nan","nan","nan"
498,0,"nan","nan","nan"
499,0,"nan","nan","nan"
500,0,"nan","nan","nan"
501,0,"nan","nan","nan"
502,0,"nan","nan","nan"
503,0,"nan","nan","nan"
504,0,"nan","nan","nan"
505,0,"nan","nan","nan"
506,0,"nan","nan","nan"
507,0,"nan","nan","nan"
508,0,"nan","nan","nan"
509,0,"nan","nan","nan"
510,0,"812.166","-381.386","1650.73"
511,0,"820.26","-395.53","1648.7"
512,0,"828.149","-409.172","1645.89"
513,0,"835.46","-420.16","1642.11"
514,0,"845.197","-434.66","1637.55"
515,0,"854.442","-447.863","1631.16"
516,0,"863.483","-460.222","1624.65"
517,0,"870.309","-467.543","1617.96"
518,0,"874.221","-471.718","1610.63"
519,0,"876.264","-478.297","1605.07"
520,0,"877.67","-486.011","1600.6"
521,0,"878.578","-494.704","1596.4"
522,0,"878.996","-504.888","1590.8"
523,0,"879.071","-516.19","1582.94"
524,0,"879.402","-528.324","1572.8"
525,0,"879.539","-540.263","1560.23"
526,0,"879.302","-552.253","1546.67"
527,0,"878.968","-564.304","1532.41"
528,0,"878.622","-576.133","1517.02"
529,0,"878.563","-588.305","1500.89"
530,0,"878.787","-600.346","1483.2"
531,0,"879.669","-613.358","1465.27"
532,0,"880.842","-625.83","1445.98"
533,0,"882.327","-637.943","1425.6"
534,0,"883.689","-649.293","1403.64"
535,0,"884.937","-660.848","1381.43"
536,0,"885.815","-672.214","1358.77"
537,0,"886.363","-683.478","1335.39"
538,0,"886.298","-695.277","1311.92"
539,0,"885.888","-707.46","1287.67"
540,0,"885.142","-719.772","1263.15"
541,0,"883.871","-731.944","1239.36"
542,0,"882.323","-744.162","1216.52"
543,0,"880.712","-756.48","1194.35"
544,0,"879.136","-769.027","1172.66"
545,0,"877.96","-781.754","1151.6"
546,0,"876.55","-794.452","1131.91"
547,0,"874.423","-807.221","1114.5"
548,0,"872.339","-819.761","1098.84"
549,0,"872.055","-831.656","1086.37"
550,0,"873.021","-840.23","1076.41"
551,0,"875.133","-847.021","1068.63"
552,0,"876.54","-852.179","1061.4"
553,0,"877.435","-857.038","1054.67"
554,0,"877.997","-861.972","1048.69"
555,0,"878.565","-867.387","1044.23"
556,0,"878.929","-873.132","1041.08"
557,0,"879.331","-879.216","1038.98"
558,0,"879.667","-885.388","1037.46"
559,0,"879.981","-891.569","1036.46"
560,0,"880.342","-897.711","1035.96"
561,0,"880.721","-903.755","1035.9"
562,0,"881.194","-909.678","1036.36"
563,0,"881.607","-915.362","1037.39"
564,0,"881.871","-920.716","1038.85"
565,0,"882.004","-925.839","1040.74"
566,0,"881.824","-930.641","1042.95"
567,0,"881.418","-935.253","1045.5"
568,0,"880.717","-939.683","1048.41"
569,0,"879.785","-944.048","1051.76"
570,0,"878.68","-948.342","1055.47"
571,0,"877.388","-952.612","1059.5"
572,0,"876.034","-956.895","1063.77"
573,0,"874.647","-961.23","1068.3"
574,0,"873.307","-965.498","1073.02"
575,0,"871.95","-969.603","1077.97"
576,0,"870.627","-973.565","1083.13"
577,0,"869.347","-977.373","1088.53"
578,0,"868.428","-981.169","1094.31"
579,0,"866.9","-984.34","1100.18"
580,0,"865.757","-987.515","1106.48"
581,0,"nan","nan","nan"
582,0,"nan","nan","nan"
583,0,"nan","nan","nan"
584,0,"nan","nan","nan"
585,0,"862.108","-1000.7","1138.02"
586,0,"nan","nan","nan"
587,0,"nan","nan","nan"
588,0,"nan","nan","nan"
589,0,"nan","nan","nan"
590,0,"858.67","-1011.47","1167.22"
591,0,"857.835","-1013.28","1172.78"
592,0,"856.962","-1014.96","1178.25"
593,0,"856.14","-1016.6","1183.67"
594,0,"855.363","-1018.1","1188.99"
595,0,"854.716","-1019.51","1194.18"
596,0,"854.153","-1020.84","1199.14"
597,0,"853.776","-1022.5","1204.31"
598,0,"853.347","-1023.66","1208.68"
599,0,"852.948","-1024.67","1212.7"
600,0,"852.608","-1025.59","1216.45"
601,0,"852.297","-1026.38","1219.98"
602,0,"852.04","-1027.12","1223.47"
603,0,"851.864","-1027.74","1226.85"
604,0,"851.764","-1028.32","1230.23"
605,0,"851.714","-1028.83","1233.45"
606,0,"851.718","-1029.26","1236.5"
607,0,"851.724","-1029.63","1239.4"
608,0,"851.68","-1029.9","1242.06"
609,0,"851.549","-1030.16","1244.57"
610,0,"851.402","-1030.34","1246.91"
611,0,"851.256","-1030.47","1249.09"
612,0,"851.162","-1030.58","1251.23"
613,0,"851.076","-1030.59","1253.17"
614,0,"851.117","-1030.57","1255.16"
615,0,"851.186","-1030.49","1257.07"
616,0,"851.336","-1030.28","1258.94"
617,0,"851.523","-1030.05","1260.82"
618,0,"851.724","-1029.74","1262.61"
619,0,"851.949","-1029.36","1264.26"
620,0,"852.13","-1028.93","1265.68"
621,0,"852.325","-1028.49","1266.92"
622,0,"852.512","-1028.01","1267.97"
623,0,"852.689","-1027.45","1268.81"
624,0,"852.884","-1026.74","1269.49"
625,0,"853.136","-1025.92","1270.09"
626,0,"853.409","-1024.94","1270.49"
627,0,"853.746","-1023.8","1270.76"
628,0,"854.102","-1022.47","1270.79"
629,0,"854.455","-1020.96","1270.57"
630,0,"854.81","-1019.35","1269.99"
631,0,"855.057","-1017.61","1269.04"
632,0,"855.154","-1015.74","1267.66"
633,0,"855.134","-1013.73","1265.84"
634,0,"854.962","-1011.66","1263.8"
635,0,"854.644","-1009.21","1261.19"
636,0,"854.187","-1006.42","1258.34"
637,0,"853.592","-1003.18","1255.34"
638,0,"852.994","-999.662","1252.33"
639,0,"852.564","-996.062","1249.3"
640,0,"852.256","-992.472","1246.32"
641,0,"852.081","-989.027","1243.62"
642,0,"852.169","-985.817","1241.68"
643,0,"852.254","-982.882","1240.7"
644,0,"852.077","-980.172","1240.28"
645,0,"851.664","-977.649","1240.32"
646,0,"851.153","-975.159","1240.95"
647,0,"850.66","-972.737","1242.24"
648,0,"850.092","-970.297","1243.96"
649,0,"849.508","-967.925","1246.19"
650,0,"848.952","-965.58","1248.8"
651,0,"848.436","-963.283","1251.89"
652,0,"847.932","-961.018","1255.38"
653,0,"847.371","-958.716","1259.12"
654,0,"849.071","-958.287","1264.65"
655,0,"846.362","-954.577","1267.6"
656,0,"845.351","-952.388","1271.67"
657,0,"844.199","-950.211","1275.71"
658,0,"842.969","-948.014","1279.6"
659,0,"841.713","-945.778","1283.39"
660,0,"840.466","-943.466","1287.04"
661,0,"839.267","-941.185","1290.6"
662,0,"838.052","-938.844","1293.95"
663,0,"836.81","-936.486","1297.16"
664,0,"835.497","-934.028","1300.16"
665,0,"834.14","-931.477","1303.02"
666,0,"832.719","-928.869","1305.64"
667,0,"831.256","-926.149","1307.97"
668,0,"829.722","-923.304","1309.95"
669,0,"828.235","-920.461","1311.68"
670,0,"826.718","-917.538","1312.97"
671,0,"825.221","-914.58","1313.92"
672,0,"823.71","-911.594","1314.46"
673,0,"822.191","-908.555","1314.63"
674,0,"820.701","-905.514","1314.54"
675,0,"819.17","-902.393","1314.05"
676,0,"817.643","-899.206","1313.25"
677,0,"816.138","-896","1312.26"
678,0,"814.631","-892.754","1310.99"
679,0,"813.123","-889.487","1309.48"
680,0,"811.633","-886.192","1307.82"
681,0,"810.124","-882.915","1306.02"
682,0,"808.605","-879.591","1304.12"
683,0,"807.017","-876.223","1302.26"
684,0,"805.302","-872.844","1300.48"
685,0,"803.437","-869.378","1298.85"
686,0,"801.377","-865.773","1297.33"
687,0,"799.142","-862.112","1296.02"
688,0,"796.691","-858.302","1294.87"
689,0,"794.132","-854.48","1293.98"
690,0,"791.46","-850.579","1293.34"
691,0,"788.669","-846.635","1292.92"
692,0,"785.828","-842.65","1292.67"
693,0,"782.805","-838.273","1292.2"
694,0,"779.916","-834.333","1292.3"
695,0,"777.022","-830.445","1292.51"
696,0,"774.127","-826.63","1292.89"
697,0,"771.255","-822.926","1293.42"
698,0,"768.343","-819.243","1294.05"
699,0,"765.407","-815.68","1294.82"
700,0,"762.431","-812.182","1295.77"
701,0,"759.366","-808.775","1296.78"
702,0,"756.272","-805.542","1297.98"
703,0,"753.133","-802.397","1299.19"
704,0,"749.974","-799.412","1300.44"
705,0,"746.843","-796.604","1301.71"
706,0,"743.741","-793.962","1302.88"
707,0,"740.694","-791.482","1303.96"
708,0,"737.617","-789.002","1304.77"
709,0,"734.697","-786.697","1305.58"
710,0,"731.782","-784.332","1306.16"
711,0,"728.914","-781.905","1306.54"
712,0,"726.172","-779.498","1306.85"
713,0,"723.65","-777.106","1307.16"
714,0,"721.277","-774.617","1307.36"
715,0,"719.113","-772.028","1307.54"
716,0,"717.11","-769.271","1307.61"
717,0,"715.398","-766.491","1307.81"
718,0,"713.675","-763.302","1307.65"
719,0,"712.104","-759.991","1307.59"
720,0,"710.592","-756.358","1307.45"
721,0,"709.013","-752.305","1307.15"
722,0,"707.493","-748.033","1307.03"
723,0,"705.836","-743.393","1306.87"
724,0,"704.117","-738.576","1306.92"
725,0,"702.356","-733.599","1307.19"
726,0,"700.548","-728.406","1307.63"
727,0,"698.789","-723.027","1308.2"
728,0,"697.146","-717.502","1308.94"
729,0,"695.499","-711.738","1309.67"
730,0,"694","-705.83","1310.48"
731,0,"692.57","-699.833","1311.29"
732,0,"691.191","-693.666","1311.99"
733,0,"689.976","-687.491","1312.79"
734,0,"688.79","-681.126","1313.48"
735,0,"687.678","-674.658","1314.17"
736,0,"686.627","-668.084","1314.88"
737,0,"685.623","-661.374","1315.67"
738,0,"684.612","-654.479","1316.48"
739,0,"683.58","-647.408","1317.29"
740,0,"682.558","-640.213","1318.15"
741,0,"681.538","-632.839","1318.96"
742,0,"680.526","-625.391","1319.78"
743,0,"679.613","-617.835","1320.58"
744,0,"678.721","-610.159","1321.31"
745,0,"677.911","-602.377","1321.96"
746,0,"677.158","-594.418","1322.47"
747,0,"676.492","-586.375","1322.94"
748,0,"675.824","-578.373","1323.61"
749,0,"675.316","-570.113","1323.9"
750,0,"674.942","-561.81","1324.08"
751,0,"674.71","-553.416","1324.1"
752,0,"674.726","-545.036","1324.11"
753,0,"674.822","-536.567","1323.87"
754,0,"675.049","-528.107","1323.57"
755,0,"675.501","-519.709","1323.19"
756,0,"676.11","-511.324","1322.69"
757,0,"676.915","-503.07","1322.03"
758,0,"677.924","-494.945","1321.24"
759,0,"679.092","-486.954","1320.32"
760,0,"680.471","-479.038","1319.32"
761,0,"681.96","-471.17","1318.21"
762,0,"683.72","-463.455","1317.09"
763,0,"685.562","-455.842","1315.94"
764,0,"687.551","-448.384","1314.84"
765,0,"689.682","-441.108","1313.83"
766,0,"691.878","-434.013","1312.97"
767,0,"694.068","-427.029","1312.25"
768,0,"696.144","-420.114","1311.78"
769,0,"698.154","-413.305","1311.56"
770,0,"699.996","-406.597","1311.71"
771,0,"701.637","-399.922","1312.08"
772,0,"703.098","-393.359","1312.61"
773,0,"704.45","-386.992","1313.25"
774,0,"705.731","-380.831","1313.97"
775,0,"706.942","-374.907","1314.82"
776,0,"708.08","-369.177","1315.8"
777,0,"709.155","-363.664","1316.91"
778,0,"710.087","-358.326","1318.19"
779,0,"710.904","-353.159","1319.67"
780,0,"711.602","-348.116","1321.38"
781,0,"712.154","-343.141","1323.32"
782,0,"712.593","-338.188","1325.49"
783,0,"712.866","-333.228","1327.8"
784,0,"712.984","-328.198","1330.17"
785,0,"712.993","-323.153","1332.61"
786,0,"712.837","-318.04","1334.95"
787,0,"712.555","-312.861","1337.15"
788,0,"712.179","-307.738","1339.17"
789,0,"711.721","-302.62","1340.98"
790,0,"711.191","-297.541","1342.52"
791,0,"710.556","-292.509","1343.69"
792,0,"709.852","-287.503","1344.57"
793,0,"709.06","-282.529","1345.11"
794,0,"708.17","-277.6","1345.32"
795,0,"707.182","-272.71","1345.22"
796,0,"706.108","-267.873","1344.82"
797,0,"704.942","-263.045","1344.14"
798,0,"703.671","-258.278","1343.24"
799,0,"702.285","-253.511","1342.18"
800,0,"700.804","-248.785","1341.04"
801,0,"699.149","-244.096","1339.84"
802,0,"697.337","-239.434","1338.61"
803,0,"695.346","-234.832","1337.33"
804,0,"693.217","-230.234","1336.04"
805,0,"690.955","-225.609","1334.8"
806,0,"688.538","-221.054","1333.61"
807,0,"686.02","-216.559","1332.49"
808,0,"683.376","-212.108","1331.49"
809,0,"680.656","-207.8","1330.53"
810,0,"677.797","-203.525","1329.63"
811,0,"674.95","-199.193","1328.64"
812,0,"672.56","-194.868","1327.09"
813,0,"669.216","-190.765","1326.1"
814,0,"665.97","-186.707","1324.96"
815,0,"662.388","-182.703","1323.82"
816,0,"658.673","-178.676","1322.59"
817,0,"654.853","-174.591","1321.28"
818,0,"650.904","-170.475","1319.82"
819,0,"646.814","-166.266","1318.24"
820,0,"642.575","-162.017","1316.53"
821,0,"638.208","-157.686","1314.78"
822,0,"633.667","-153.302","1312.9"
823,0,"628.983","-148.802","1310.89"
824,0,"624.155","-144.247","1308.83"
825,0,"619.176","-139.645","1306.71"
826,0,"614.098","-134.942","1304.49"
827,0,"608.824","-130.225","1302.15"
828,0,"603.477","-125.478","1299.77"
829,0,"597.981","-120.7","1297.31"
830,0,"592.37","-115.925","1294.81"
831,0,"586.638","-111.109","1292.21"
832,0,"580.824","-106.29","1289.61"
833,0,"574.891","-101.45","1286.97"
834,0,"568.892","-96.6169","1284.37"
835,0,"562.798","-91.7243","1281.83"
836,0,"556.632","-86.7779","1279.44"
837,0,"550.447","-81.7659","1277.18"
838,0,"544.271","-76.6757","1275.09"
839,0,"538.102","-71.526","1273.18"
840,0,"531.972","-66.2989","1271.49"
841,0,"525.897","-60.9517","1270"
842,0,"519.947","-55.6224","1268.73"
843,0,"514.102","-50.2748","1267.71"
844,0,"508.43","-44.9769","1266.95"
845,0,"503.015","-39.7254","1266.46"
846,0,"497.847","-34.53","1266.25"
847,0,"492.915","-29.3984","1266.27"
848,0,"488.21","-24.3504","1266.48"
849,0,"483.767","-19.3892","1266.81"
850,0,"479.562","-14.501","1267.26"
851,0,"475.574","-9.721","1267.79"
852,0,"471.838","-5.03928","1268.4"
853,0,"468.28","-0.495724","1269.06"
854,0,"464.836","3.94431","1269.76"
855,0,"461.498","8.26114","1270.49"
856,0,"458.292","12.4541","1271.19"
857,0,"455.203","16.5398","1271.83"
858,0,"452.22","20.4915","1272.44"
859,0,"449.337","24.3516","1273.02"
860,0,"446.616","28.1398","1273.51"
861,0,"444.018","31.8297","1273.96"
862,0,"441.58","35.4842","1274.32"
863,0,"439.267","39.1006","1274.63"
864,0,"437.115","42.6671","1274.9"
865,0,"435.077","46.2253","1275.1"
866,0,"433.207","49.7531","1275.27"
867,0,"431.485","53.2418","1275.35"
868,0,"429.906","56.7269","1275.43"
869,0,"428.482","60.1577","1275.46"
870,0,"427.215","63.5471","1275.48"
871,0,"426.104","66.9338","1275.53"
872,0,"425.122","70.2665","1275.58"
873,0,"424.296","73.6197","1275.66"
874,0,"423.659","77.0026","1275.73"
875,0,"423.212","80.3683","1275.76"
876,0,"422.99","83.7705","1275.77"
877,0,"422.946","87.1405","1275.86"
878,0,"423.12","90.5353","1275.94"
879,0,"423.435","93.9327","1276.04"
880,0,"423.84","97.3349","1276.15"
881,0,"424.315","100.741","1276.25"
882,0,"424.886","104.098","1276.35"
883,0,"425.597","107.407","1276.43"
884,0,"426.45","110.656","1276.43"
885,0,"427.453","113.784","1276.38"
886,0,"428.623","116.757","1276.31"
887,0,"429.945","119.578","1276.21"
888,0,"431.375","122.201","1276.1"
889,0,"432.861","124.643","1275.98"
890,0,"434.391","126.874","1275.85"
891,0,"436.063","128.948","1275.79"
892,0,"437.825","130.877","1275.84"
893,0,"439.596","132.636","1276.01"
894,0,"441.445","134.257","1276.25"
895,0,"443.409","135.781","1276.58"
896,0,"445.426","137.268","1276.93"
897,0,"447.579","138.746","1277.29"
898,0,"449.759","140.164","1277.68"
899,0,"452.093","141.593","1278.08"
900,0,"454.521","143.03","1278.54"
901,0,"457.037","144.356","1279.09"
902,0,"459.572","145.666","1279.75"
903,0,"462.225","146.857","1280.56"
904,0,"464.836","147.992","1281.43"
905,0,"467.379","149.038","1282.38"
906,0,"469.923","150.072","1283.38"
907,0,"472.378","151.031","1284.45"
908,0,"474.901","152.021","1285.49"
909,0,"477.369","152.972","1286.51"
910,0,"479.814","154.015","1287.44"
911,0,"482.242","155.019","1288.28"
912,0,"484.604","156.118","1288.97"
913,0,"486.602","157.179","1289.74"
914,0,"488.706","158.395","1290.17"
915,0,"490.861","159.426","1290.51"
916,0,"492.322","160.803","1290.92"
917,0,"493.434","162.027","1291.52"
918,0,"494.448","163.462","1291.91"
919,0,"495.277","164.924","1292.26"
920,0,"496.03","166.328","1292.62"
921,0,"496.721","167.682","1293.03"
922,0,"497.228","168.937","1293.57"
923,0,"497.646","170.123","1294.2"
924,0,"497.983","171.266","1294.94"
925,0,"498.237","172.415","1295.79"
926,0,"498.381","173.524","1296.74"
927,0,"498.439","174.594","1297.75"
928,0,"498.32","175.671","1298.84"
929,0,"498.166","176.77","1299.91"
930,0,"497.838","177.876","1301.03"
931,0,"497.482","179.009","1302.12"
932,0,"497.004","180.105","1303.21"
933,0,"496.429","181.214","1304.25"
934,0,"495.808","182.358","1305.22"
935,0,"495.092","183.509","1306.16"
936,0,"494.242","184.623","1307.02"
937,0,"493.321","185.788","1307.81"
938,0,"492.386","186.966","1308.54"
939,0,"491.431","188.196","1309.31"
940,0,"490.429","189.52","1310.09"
941,0,"489.427","190.982","1310.87"
942,0,"488.428","192.605","1311.68"
943,0,"487.436","194.332","1312.51"
944,0,"486.507","196.188","1313.27"
945,0,"485.631","198.149","1314"
946,0,"484.791","200.258","1314.62"
947,0,"483.954","202.469","1315.17"
948,0,"483.154","204.799","1315.7"
949,0,"482.441","207.217","1316.21"
950,0,"481.771","209.759","1316.64"
951,0,"481.2","212.418","1317.11"
952,0,"480.744","215.225","1317.54"
953,0,"480.318","218.18","1317.98"
954,0,"479.982","221.231","1318.38"
955,0,"479.73","224.464","1318.78"
956,0,"479.541","227.736","1319.18"
957,0,"479.373","231.187","1319.56"
958,0,"479.279","234.751","1319.92"
959,0,"479.23","238.465","1320.26"
960,0,"479.293","242.313","1320.59"
961,0,"479.446","246.261","1320.97"
962,0,"479.71","250.228","1321.38"
963,0,"480.123","254.268","1321.83"
964,0,"480.674","258.42","1322.27"
965,0,"481.383","262.624","1322.73"
966,0,"482.21","266.89","1323.21"
967,0,"483.235","271.214","1323.68"
968,0,"484.435","275.523","1324.11"
969,0,"485.788","279.825","1324.52"
970,0,"487.356","284.097","1324.86"
971,0,"489.077","288.372","1325.17"
972,0,"491.003","292.634","1325.43"
973,0,"493.061","296.848","1325.61"
974,0,"495.327","301.046","1325.69"
975,0,"497.78","305.196","1325.72"
976,0,"500.357","309.241","1325.65"
977,0,"503.023","313.163","1325.44"
978,0,"505.762","316.852","1325.07"
979,0,"508.597","320.285","1324.55"
980,0,"511.492","323.519","1323.89"
981,0,"514.397","326.503","1323.08"
982,0,"517.276","329.152","1322.14"
983,0,"520.087","331.419","1321.12"
984,0,"522.834","333.494","1320.14"
985,0,"525.847","335.645","1319.18"
986,0,"528.667","337.482","1318.38"
987,0,"531.373","339.097","1317.61"
988,0,"534.055","340.642","1316.81"
989,0,"536.737","342.08","1316"
990,0,"539.412","343.48","1315.21"
991,0,"542.045","344.833","1314.38"
992,0,"544.607","346.089","1313.56"
993,0,"547.092","347.241","1312.76"
994,0,"549.496","348.34","1311.94"
995,0,"551.825","349.346","1311.07"
996,0,"554.1","350.334","1310.18"
997,0,"556.301","351.255","1309.32"
998,0,"558.431","352.17","1308.47"
999,0,"560.384","353.175","1307.68"
1000,0,"562.62","353.832","1306.86"
1001,0,"564.535","354.675","1306.09"
1002,0,"566.42","355.496","1305.37"
1003,0,"568.34","356.281","1304.72"
1004,0,"570.2","357.032","1304.15"
1005,0,"571.955","357.677","1303.56"
1006,0,"573.527","358.373","1303.13"
1007,0,"575.113","358.908","1302.72"
1008,0,"576.585","359.389","1302.35"
1009,0,"577.94","359.781","1302.03"
1010,0,"579.217","360.129","1301.73"
1011,0,"580.386","360.43","1301.43"
1012,0,"581.478","360.702","1301.15"
1013,0,"582.498","360.923","1300.85"
1014,0,"583.463","361.091","1300.56"
1015,0,"584.363","361.268","1300.25"
1016,0,"585.251","361.4","1299.94"
1017,0,"586.059","361.564","1299.63"
1018,0,"586.897","361.732","1299.32"
1019,0,"587.74","361.855","1299.18"
