Frame,Sub Frame,"Reconstruction Position - Unlabeled Track (1386)",,
,,"TX","TY","TZ"
Frames,Frames,"mm","mm","mm"
1,0,"1264.67","71.6828","1506.15"
2,0,"1262.69","69.9722","1506.36"
3,0,"1260.74","68.1183","1506.49"
4,0,"1258.93","66.065","1506.56"
5,0,"1257.18","63.8807","1506.56"
6,0,"1255.48","61.5717","1506.39"
7,0,"1253.93","59.0865","1506.14"
8,0,"1252.47","56.5067","1505.74"
9,0,"1251.07","53.8031","1505.12"
10,0,"1249.75","51.0163","1504.36"
11,0,"1248.52","48.1593","1503.39"
12,0,"1247.38","45.2135","1502.25"
13,0,"1246.3","42.2374","1500.94"
14,0,"1245.27","39.1979","1499.52"
15,0,"1244.35","36.0761","1498.04"
16,0,"1243.42","32.8952","1496.48"
17,0,"1242.58","29.6355","1495"
18,0,"1241.87","26.2033","1493.62"
19,0,"1241.19","22.6719","1492.38"
20,0,"1240.55","19.0652","1491.33"
21,0,"1239.92","15.416","1490.35"
22,0,"1239.34","11.7325","1489.49"
23,0,"1238.8","8.02344","1488.67"
24,0,"1238.23","4.35488","1487.85"
25,0,"1237.7","0.694619","1487.09"
26,0,"1237.13","-2.88524","1486.29"
27,0,"1236.58","-6.44822","1485.47"
28,0,"1236.05","-9.93913","1484.6"
29,0,"1235.52","-13.3784","1483.68"
30,0,"1235.07","-16.7796","1482.67"
31,0,"1234.59","-20.0751","1481.65"
32,0,"1234.13","-23.2976","1480.63"
33,0,"1233.64","-26.463","1479.63"
34,0,"1233.16","-29.5411","1478.72"
35,0,"1232.73","-32.5893","1477.88"
36,0,"1232.29","-35.5515","1477.13"
37,0,"1231.96","-38.5009","1476.48"
38,0,"1231.62","-41.3765","1475.86"
39,0,"1231.32","-44.168","1475.25"
40,0,"1231.07","-46.9151","1474.66"
41,0,"1230.89","-49.5936","1474.1"
42,0,"1230.69","-52.1684","1473.5"
43,0,"1230.56","-54.6788","1472.88"
44,0,"1230.45","-57.0892","1472.19"
45,0,"1230.34","-59.3893","1471.49"
46,0,"1230.28","-61.6178","1470.84"
47,0,"1230.23","-63.7726","1470.2"
48,0,"1230.19","-65.8741","1469.6"
49,0,"1230.13","-67.8788","1469.08"
50,0,"1230.11","-69.8668","1468.65"
51,0,"1230.08","-71.7859","1468.26"
52,0,"1230.1","-73.6978","1467.88"
53,0,"1230.07","-75.5135","1467.47"
54,0,"1230.12","-77.3193","1467.07"
55,0,"1230.13","-79.0317","1466.6"
56,0,"1230.23","-80.7585","1466.15"
57,0,"1230.3","-82.4035","1465.62"
58,0,"1230.4","-84.0056","1465.09"
59,0,"1230.5","-85.5613","1464.52"
60,0,"1230.62","-87.0717","1463.99"
61,0,"1230.74","-88.5473","1463.42"
62,0,"1230.86","-89.9688","1462.84"
63,0,"1230.96","-91.3348","1462.24"
64,0,"1231.1","-92.6492","1461.66"
65,0,"1231.18","-93.9083","1461.03"
66,0,"1231.31","-95.1442","1460.42"
67,0,"1231.48","-96.3393","1459.82"
68,0,"1231.56","-97.4371","1459.18"
69,0,"1231.68","-98.5312","1458.6"
70,0,"1231.75","-99.5618","1457.99"
71,0,"1231.85","-100.566","1457.43"
72,0,"1231.95","-101.539","1456.88"
73,0,"1232.02","-102.474","1456.37"
74,0,"1232.09","-103.375","1455.87"
75,0,"1232.15","-104.231","1455.39"
76,0,"1232.23","-105.071","1454.97"
77,0,"1232.32","-105.895","1454.56"
78,0,"1232.37","-106.645","1454.15"
79,0,"1232.47","-107.392","1453.78"
80,0,"1232.61","-108.101","1453.45"
81,0,"1232.72","-108.749","1453.07"
82,0,"1232.88","-109.359","1452.74"
83,0,"1233.01","-109.938","1452.41"
84,0,"1233.19","-110.442","1452.1"
85,0,"1233.34","-110.884","1451.78"
86,0,"1233.55","-111.302","1451.53"
87,0,"1233.76","-111.649","1451.3"
88,0,"1234.02","-111.948","1451.07"
89,0,"1234.29","-112.151","1450.85"
90,0,"1234.6","-112.3","1450.7"
91,0,"1234.94","-112.373","1450.56"
92,0,"1235.28","-112.374","1450.46"
93,0,"1235.66","-112.301","1450.37"
94,0,"1236.07","-112.162","1450.33"
95,0,"1236.52","-111.986","1450.34"
96,0,"1236.97","-111.733","1450.39"
97,0,"1237.41","-111.433","1450.49"
98,0,"1237.84","-111.059","1450.63"
99,0,"1238.27","-110.651","1450.82"
100,0,"1238.73","-110.194","1451.04"
101,0,"1239.19","-109.698","1451.27"
102,0,"1239.63","-109.132","1451.52"
103,0,"1240.07","-108.549","1451.77"
104,0,"1240.53","-107.926","1452.1"
105,0,"1240.99","-107.272","1452.41"
106,0,"1241.47","-106.592","1452.77"
107,0,"1241.94","-105.886","1453.16"
108,0,"1242.39","-105.13","1453.57"
109,0,"1242.87","-104.366","1454.01"
110,0,"1243.3","-103.538","1454.42"
111,0,"1243.77","-102.712","1454.86"
112,0,"1244.25","-101.873","1455.33"
113,0,"1244.71","-101.016","1455.78"
114,0,"1245.18","-100.151","1456.25"
115,0,"1245.65","-99.2721","1456.73"
116,0,"1246.13","-98.413","1457.28"
117,0,"1246.61","-97.5493","1457.84"
118,0,"1247.05","-96.6743","1458.4"
119,0,"1247.5","-95.7841","1459.01"
120,0,"1247.97","-94.914","1459.66"
121,0,"1248.45","-94.0685","1460.33"
122,0,"1248.93","-93.2277","1461.01"
123,0,"1249.41","-92.3932","1461.67"
124,0,"1249.89","-91.5827","1462.31"
125,0,"1250.38","-90.7866","1462.91"
126,0,"1250.78","-89.9644","1463.46"
127,0,"1251.25","-89.1955","1464.02"
128,0,"1251.71","-88.4466","1464.57"
129,0,"1252.14","-87.6975","1465.07"
130,0,"1252.56","-86.9689","1465.57"
131,0,"1252.98","-86.2614","1466.08"
132,0,"1253.34","-85.5427","1466.59"
133,0,"1253.75","-84.8629","1467.13"
134,0,"1254.06","-84.1661","1467.66"
135,0,"1254.4","-83.5329","1468.23"
136,0,"1254.72","-82.9159","1468.75"
137,0,"1254.95","-82.2936","1469.28"
138,0,"1255.23","-81.7273","1469.84"
139,0,"1255.41","-81.1484","1470.35"
140,0,"1255.62","-80.6103","1470.89"
141,0,"1255.79","-80.0781","1471.42"
142,0,"1255.9","-79.558","1471.98"
143,0,"1256.05","-79.0897","1472.54"
144,0,"1256.1","-78.5915","1473.09"
145,0,"1256.21","-78.1498","1473.66"
146,0,"1256.25","-77.6908","1474.2"
147,0,"1256.35","-77.284","1474.77"
148,0,"1256.39","-76.8688","1475.31"
149,0,"1256.5","-76.516","1475.91"
150,0,"1256.56","-76.1478","1476.45"
151,0,"1256.66","-75.8326","1477.02"
152,0,"1256.71","-75.5229","1477.56"
153,0,"1256.81","-75.2578","1478.11"
154,0,"1256.85","-74.9848","1478.67"
155,0,"1256.91","-74.7858","1479.21"
156,0,"1256.88","-74.5593","1479.74"
157,0,"1256.89","-74.4054","1480.28"
158,0,"1256.88","-74.2883","1480.81"
159,0,"1256.83","-74.2037","1481.29"
160,0,"1256.82","-74.2012","1481.81"
161,0,"1256.81","-74.2141","1482.31"
162,0,"1256.76","-74.295","1482.77"
163,0,"1256.78","-74.4485","1483.26"
164,0,"1256.75","-74.6523","1483.73"
165,0,"1256.72","-74.9117","1484.18"
166,0,"1256.74","-75.2543","1484.65"
167,0,"1256.73","-75.6772","1485.06"
168,0,"1256.76","-76.1645","1485.44"
169,0,"1256.72","-76.7232","1485.82"
170,0,"1256.73","-77.3726","1486.18"
171,0,"1256.75","-78.121","1486.52"
172,0,"1256.71","-78.9501","1486.82"
173,0,"1256.68","-79.8629","1487.09"
174,0,"1256.64","-80.8779","1487.33"
175,0,"1256.58","-81.9961","1487.54"
176,0,"1256.44","-83.1608","1487.67"
177,0,"1256.3","-84.4062","1487.8"
178,0,"1256.17","-85.7551","1487.9"
179,0,"1256.01","-87.1302","1487.96"
180,0,"1255.85","-88.5826","1487.99"
181,0,"1255.7","-90.0976","1488.06"
182,0,"1255.55","-91.6612","1488.14"
183,0,"1255.38","-93.2648","1488.21"
184,0,"1255.22","-94.9134","1488.32"
185,0,"1255.07","-96.5811","1488.46"
186,0,"1254.93","-98.2899","1488.63"
187,0,"1254.79","-100.003","1488.79"
188,0,"1254.64","-101.713","1488.88"
189,0,"1254.56","-103.467","1488.96"
190,0,"1254.43","-105.172","1488.98"
191,0,"1254.36","-106.907","1488.96"
192,0,"1254.31","-108.624","1488.91"
193,0,"1254.22","-110.294","1488.83"
194,0,"1254.15","-111.937","1488.7"
195,0,"1254.13","-113.563","1488.58"
196,0,"1254.01","-115.097","1488.44"
197,0,"1253.93","-116.584","1488.34"
198,0,"1253.84","-118.015","1488.26"
199,0,"1253.73","-119.347","1488.15"
200,0,"1253.7","-120.663","1488.12"
201,0,"1253.61","-121.838","1488.05"
202,0,"1253.57","-122.933","1488.04"
203,0,"1253.48","-123.88","1488.06"
204,0,"1253.41","-124.701","1488.12"
205,0,"1253.36","-125.372","1488.21"
206,0,"1253.32","-125.924","1488.36"
207,0,"1253.28","-126.321","1488.52"
208,0,"1253.24","-126.556","1488.73"
209,0,"1253.24","-126.654","1488.98"
210,0,"1253.24","-126.603","1489.27"
211,0,"1253.27","-126.406","1489.59"
212,0,"1253.27","-126.034","1489.92"
213,0,"1253.26","-125.49","1490.31"
214,0,"1253.19","-124.746","1490.75"
215,0,"1253.11","-123.811","1491.28"
216,0,"1253.05","-122.692","1491.85"
217,0,"1252.94","-121.365","1492.46"
218,0,"1252.81","-119.835","1493.11"
219,0,"1252.66","-118.115","1493.83"
220,0,"1252.49","-116.173","1494.65"
221,0,"1252.3","-113.996","1495.56"
222,0,"1252.08","-111.58","1496.56"
223,0,"1251.86","-108.916","1497.67"
224,0,"1251.67","-106.028","1498.92"
225,0,"1251.5","-102.884","1500.26"
226,0,"1251.28","-99.4885","1501.66"
227,0,"1251.09","-95.8479","1503.17"
228,0,"1250.89","-91.9753","1504.74"
229,0,"1250.72","-87.8578","1506.39"
230,0,"1250.57","-83.5638","1508.13"
231,0,"1250.37","-78.9835","1509.84"
232,0,"1250.23","-74.2189","1511.62"
233,0,"1250.05","-69.2185","1513.43"
234,0,"1249.93","-63.9889","1515.3"
235,0,"1249.77","-58.4942","1517.21"
236,0,"1249.68","-52.7819","1519.24"
237,0,"1249.64","-46.7987","1521.29"
238,0,"1249.66","-40.5702","1523.39"
239,0,"1249.73","-34.1096","1525.55"
240,0,"1249.89","-27.4305","1527.74"
241,0,"1250.09","-20.5008","1529.9"
242,0,"1250.32","-13.3668","1532.07"
243,0,"1250.61","-6.03112","1534.23"
244,0,"1250.91","1.52187","1536.37"
245,0,"1251.25","9.29035","1538.49"
246,0,"1251.58","17.2596","1540.55"
247,0,"1251.96","25.4241","1542.6"
248,0,"1252.38","33.7804","1544.61"
249,0,"1252.85","42.2921","1546.58"
250,0,"1253.35","50.9612","1548.51"
251,0,"1253.88","59.8008","1550.4"
252,0,"1254.48","68.7532","1552.27"
253,0,"1255.08","77.8273","1554.13"
254,0,"1255.72","87.0053","1555.92"
255,0,"1256.35","96.2756","1557.67"
256,0,"1257.03","105.61","1559.37"
257,0,"1257.68","115.014","1560.97"
258,0,"1258.32","124.488","1562.47"
259,0,"1258.93","133.997","1563.84"
260,0,"1259.54","143.52","1565.13"
261,0,"1260.14","153.105","1566.29"
262,0,"1260.69","162.694","1567.29"
263,0,"1261.22","172.309","1568.17"
264,0,"1261.63","181.962","1568.86"
265,0,"1261.91","191.64","1569.38"
266,0,"1262.32","201.27","1569.85"
267,0,"1263.28","210.763","1570.56"
268,0,"1263.88","220.325","1570.93"
269,0,"1264.26","229.904","1571.03"
270,0,"1265.06","239.389","1571.12"
271,0,"1265.92","248.771","1571.05"
272,0,"1266.63","258.156","1570.64"
273,0,"1267.4","267.551","1569.84"
274,0,"1268","276.893","1568.7"
275,0,"1268.91","285.899","1567.68"
276,0,"1269.98","295.103","1566.15"
277,0,"1270.94","304.112","1564.49"
278,0,"1271.79","313.081","1562.45"
279,0,"1272.63","321.919","1560.2"
280,0,"1273.39","330.675","1557.67"
281,0,"1274.29","339.323","1554.91"
282,0,"1275","347.842","1551.87"
283,0,"1276.01","356.24","1548.64"
284,0,"1276.97","364.574","1545.14"
285,0,"1277.98","372.76","1541.42"
286,0,"1278.94","380.885","1537.45"
287,0,"1279.95","388.86","1533.32"
288,0,"1280.93","396.745","1528.98"
289,0,"1281.96","404.464","1524.5"
290,0,"1282.96","412.037","1519.85"
291,0,"1283.95","419.447","1515.12"
292,0,"1284.95","426.679","1510.38"
293,0,"1285.93","433.818","1505.54"
294,0,"1286.89","440.807","1500.68"
295,0,"1287.82","447.634","1495.77"
296,0,"1288.67","454.247","1490.68"
297,0,"1289.53","460.638","1485.54"
298,0,"1290.37","466.816","1480.3"
299,0,"1291.18","472.836","1475.08"
300,0,"1292.03","478.727","1469.93"
301,0,"1292.86","484.493","1464.77"
302,0,"1293.73","490.067","1459.78"
303,0,"1294.57","495.485","1454.8"
304,0,"1295.44","500.684","1449.91"
305,0,"1296.3","505.707","1445.11"
306,0,"1297.14","510.495","1440.4"
307,0,"1297.91","515.091","1435.77"
308,0,"1298.54","519.497","1431.1"
309,0,"1299.1","523.649","1426.52"
310,0,"1299.58","527.499","1421.99"
311,0,"1300.03","531.059","1417.59"
312,0,"1300.46","534.333","1413.37"
313,0,"1300.76","537.386","1409.23"
314,0,"1301.12","540.098","1405.41"
315,0,"1301.39","542.558","1401.66"
316,0,"1301.6","544.702","1398.09"
317,0,"1301.75","546.517","1394.68"
318,0,"1301.81","548.017","1391.37"
319,0,"1301.89","549.127","1388.31"
320,0,"1301.8","549.935","1385.35"
321,0,"1301.67","550.445","1382.58"
322,0,"1301.5","550.687","1380.09"
323,0,"1301.31","550.696","1377.88"
324,0,"1301.08","550.518","1375.9"
325,0,"1300.77","549.997","1374.25"
326,0,"1300.68","549.354","1372.69"
327,0,"1300.48","548.342","1371.44"
328,0,"1300.33","546.863","1370.6"
329,0,"1300.26","545.225","1369.85"
330,0,"1300.27","543.25","1369.53"
331,0,"1300.3","541.028","1369.44"
332,0,"1300.37","538.567","1369.68"
333,0,"1300.56","535.75","1370.24"
334,0,"1300.9","532.782","1370.91"
335,0,"1301.2","529.086","1372.07"
336,0,"1301.7","525.124","1373.24"
337,0,"1302.33","520.686","1374.61"
338,0,"1303.09","515.954","1375.99"
339,0,"1303.94","510.692","1377.71"
340,0,"1304.89","505.126","1379.63"
341,0,"1306.01","499.243","1381.82"
342,0,"1307.24","493.067","1384.27"
343,0,"1308.53","486.665","1386.8"
344,0,"1309.99","479.898","1389.58"
345,0,"1311.31","472.885","1392.33"
346,0,"1312.69","465.525","1395.18"
347,0,"1314.01","457.876","1398.07"
348,0,"1315.2","449.979","1400.99"
349,0,"1316.4","441.755","1404.07"
350,0,"1317.48","433.249","1407.25"
351,0,"1318.45","424.527","1410.44"
352,0,"1318.75","415.877","1413.37"
353,0,"1319.65","406.495","1416.83"
354,0,"1320.55","396.743","1420.37"
355,0,"1321.23","386.862","1424.05"
356,0,"1321.6","376.878","1427.69"
357,0,"1321.91","366.646","1431.51"
358,0,"1322.18","356.197","1435.54"
359,0,"1322.42","345.494","1439.73"
360,0,"1322.65","334.497","1444.06"
361,0,"1322.87","323.208","1448.49"
362,0,"1323.1","311.676","1453.08"
363,0,"1323.31","299.954","1457.85"
364,0,"1323.57","288.041","1462.92"
365,0,"1323.88","276.008","1468.24"
366,0,"1324.33","263.728","1473.87"
367,0,"1324.94","251.196","1479.73"
368,0,"1325.71","238.421","1485.77"
369,0,"1326.69","225.409","1492.15"
370,0,"1327.87","212.397","1498.99"
371,0,"1329.29","199.521","1506.49"
372,0,"1330.83","186.881","1514.64"
373,0,"1332.57","174.361","1523.42"
374,0,"1334.61","161.848","1532.74"
375,0,"1337.02","149.318","1542.58"
376,0,"1339.81","136.838","1552.94"
377,0,"1342.95","124.497","1563.81"
378,0,"1346.38","112.327","1575.26"
379,0,"1349.99","100.448","1587.3"
380,0,"1353.81","88.8256","1599.9"
381,0,"1357.86","77.4177","1612.94"
382,0,"1362.27","66.0937","1626.13"
383,0,"1367.29","54.6721","1639.33"
384,0,"1372.89","43.088","1652.26"
385,0,"1378.91","31.38","1664.78"
386,0,"1385.14","19.5991","1676.87"
387,0,"1391.34","7.89967","1688.42"
388,0,"1397.41","-3.76553","1699.31"
389,0,"1403.24","-15.4623","1709.3"
390,0,"1408.9","-27.2993","1718.19"
391,0,"1414.46","-39.3573","1725.85"
392,0,"1420.16","-51.5917","1732.43"
393,0,"1425.99","-63.7619","1738.03"
394,0,"1431.98","-75.729","1743"
395,0,"1437.81","-87.319","1747.48"
396,0,"1443.25","-98.5113","1751.51"
397,0,"1448.16","-109.34","1754.81"
398,0,"1452.68","-120.002","1757.22"
399,0,"1457.23","-130.712","1758.92"
400,0,"1461.33","-141.107","1759.19"
401,0,"1465.29","-151.276","1758.57"
402,0,"1469.14","-161.108","1757.31"
403,0,"1472.73","-170.462","1755.64"
404,0,"1476.15","-179.846","1753.38"
405,0,"nan","nan","nan"
406,0,"1480.93","-195.252","1748.12"
407,0,"1483.43","-203.398","1745.63"
408,0,"1486.18","-211.749","1742.08"
409,0,"1487.97","-219.569","1737.92"
410,0,"1489.3","-227.38","1733.13"
411,0,"1490.21","-235.187","1727.71"
412,0,"1490.77","-242.919","1721.83"
413,0,"1491.04","-250.582","1715.57"
414,0,"1491.15","-258.182","1708.98"
415,0,"1491.18","-265.768","1701.96"
416,0,"1491.21","-273.402","1694.48"
417,0,"1491.4","-281.111","1686.64"
418,0,"1491.68","-288.899","1678.36"
419,0,"1492.06","-296.826","1669.65"
420,0,"1492.49","-304.891","1660.54"
421,0,"1492.8","-313.145","1650.98"
422,0,"1493.08","-321.607","1641.04"
423,0,"1493.46","-330.241","1630.73"
424,0,"1494.12","-339.12","1619.93"
425,0,"1494.95","-348.293","1608.29"
426,0,"1496.06","-357.944","1595.75"
427,0,"1497.23","-368.047","1582.14"
428,0,"1498.48","-378.756","1567.71"
429,0,"1499.81","-390.134","1552.77"
430,0,"1501.25","-402.094","1538.06"
431,0,"1502.73","-414.307","1524.19"
432,0,"1504.38","-426.656","1511.46"
433,0,"1506.48","-439.286","1499.49"
434,0,"1509.35","-452.207","1488.41"
435,0,"1513.02","-465.132","1478.69"
436,0,"1517.11","-477.866","1470.01"
437,0,"1521.61","-490.419","1461.75"
438,0,"1526.38","-502.82","1453.26"
439,0,"1531.32","-515.105","1444.28"
440,0,"1536.4","-527.487","1435.3"
441,0,"1541.3","-539.676","1426.91"
442,0,"1546","-551.638","1419.38"
443,0,"1550.6","-563.331","1412.29"
444,0,"1555.38","-574.747","1405.63"
445,0,"1560.07","-585.639","1399.25"
446,0,"1564.65","-596.049","1393.24"
447,0,"1569.13","-605.975","1387.65"
448,0,"1573.36","-615.32","1382.34"
449,0,"1577.49","-624.233","1377.49"
450,0,"1581.37","-632.697","1372.88"
451,0,"1585.33","-640.875","1368.89"
452,0,"1589.08","-648.661","1365.19"
453,0,"1592.63","-656.071","1361.6"
454,0,"1596.14","-663.227","1358.35"
455,0,"1599.36","-670.019","1355.29"
456,0,"1602.24","-676.501","1352.56"
457,0,"1604.88","-682.791","1350.49"
458,0,"1607.05","-688.799","1348.72"
459,0,"1609.12","-694.55","1347.77"
460,0,"1610.77","-700.104","1346.79"
461,0,"1612.26","-705.444","1346.17"
462,0,"1613.39","-710.536","1345.61"
463,0,"1614.49","-715.452","1345.45"
464,0,"1614.44","-717.965","1343.57"
465,0,"nan","nan","nan"
466,0,"1631.42","-721.28","1336.11"
467,0,"1616.29","-730.209","1344.59"
468,0,"1616.79","-733.886","1345.38"
469,0,"1617.2","-737.277","1346.41"
470,0,"1617.55","-740.369","1347.66"
471,0,"1618.85","-745.431","1350.67"
472,0,"1619.13","-748.043","1352.38"
473,0,"1619.24","-750.347","1354.12"
474,0,"1619.35","-752.46","1356.12"
475,0,"1619.47","-754.42","1358.34"
476,0,"1619.56","-756.147","1360.7"
477,0,"1619.57","-757.586","1363.04"
478,0,"1619.61","-758.782","1365.42"
479,0,"1619.65","-759.702","1367.78"
480,0,"1619.72","-760.362","1370.1"
481,0,"1619.89","-760.786","1372.56"
482,0,"1619.81","-760.861","1374.76"
483,0,"1620.1","-760.969","1377.75"
484,0,"1620.17","-760.815","1380.68"
485,0,"1620.04","-760.475","1383.64"
486,0,"1619.93","-760.011","1386.83"
487,0,"1619.67","-759.321","1389.86"
488,0,"1619.56","-758.51","1393.04"
489,0,"1619.42","-757.46","1396.05"
490,0,"1619.48","-756.298","1399.19"
491,0,"1619.42","-754.851","1402.03"
492,0,"1619.42","-753.222","1404.92"
493,0,"1619.6","-751.523","1408.14"
494,0,"1619.64","-749.599","1411.25"
495,0,"1619.78","-747.588","1414.68"
496,0,"1619.86","-745.379","1418.06"
497,0,"1620.1","-743.068","1421.66"
498,0,"1620.35","-740.578","1425.19"
499,0,"1620.61","-737.873","1428.53"
500,0,"1621","-735.036","1431.81"
501,0,"1621.42","-732.068","1434.83"
502,0,"1622.14","-728.912","1438"
503,0,"1622.74","-725.631","1440.7"
504,0,"1623.54","-722.222","1443.52"
505,0,"1624.4","-718.662","1446.29"
506,0,"1625.25","-714.991","1449.02"
507,0,"1626.15","-711.123","1451.81"
508,0,"1626.82","-707.225","1454.1"
509,0,"1627.66","-703.211","1456.66"
510,0,"1628.45","-699.035","1459.15"
511,0,"1629.4","-694.696","1461.96"
512,0,"1629.87","-690.315","1463.99"
513,0,"1630.5","-685.752","1466.41"
514,0,"1631.2","-681.041","1469.13"
515,0,"1631.51","-676.346","1471.23"
516,0,"1631.99","-671.433","1473.67"
517,0,"1632.51","-666.252","1476.31"
518,0,"1632.93","-661.091","1478.8"
519,0,"1633.24","-655.781","1481.22"
520,0,"1633.31","-650.46","1483.34"
521,0,"1633.1","-644.808","1485.4"
522,0,"1633.39","-639.098","1488.36"
523,0,"1633.13","-633.44","1490.55"
524,0,"1632.65","-627.434","1492.75"
525,0,"1632.47","-621.444","1495.3"
526,0,"1632.09","-615.075","1497.77"
527,0,"1631.51","-608.813","1499.7"
528,0,"1631.04","-602.322","1501.87"
529,0,"1630.56","-595.658","1503.89"
530,0,"1629.97","-588.812","1505.68"
531,0,"1629.5","-581.853","1507.46"
532,0,"1628.94","-574.771","1508.98"
533,0,"1628.48","-567.629","1510.45"
534,0,"1627.88","-560.369","1511.71"
535,0,"1627.45","-553.168","1512.96"
536,0,"1627.1","-546.022","1514.25"
537,0,"1626.75","-538.904","1515.52"
538,0,"1626.44","-531.824","1516.73"
539,0,"1626.18","-524.776","1517.91"
540,0,"1626.11","-517.819","1519.24"
541,0,"1626.06","-510.876","1520.65"
542,0,"1626.09","-504.017","1522.21"
543,0,"1626.16","-497.233","1523.87"
544,0,"1626.39","-490.51","1525.66"
545,0,"1626.73","-483.842","1527.53"
546,0,"1627.2","-477.251","1529.44"
547,0,"1627.77","-470.75","1531.4"
548,0,"1628.34","-464.318","1533.21"
549,0,"1629.05","-458.012","1535.06"
550,0,"1629.83","-451.853","1536.85"
551,0,"1630.7","-445.825","1538.58"
552,0,"1631.6","-439.905","1540.19"
553,0,"1632.62","-434.147","1541.83"
554,0,"1633.71","-428.539","1543.4"
555,0,"1634.83","-423.075","1544.88"
556,0,"1635.95","-417.738","1546.29"
557,0,"1637.09","-412.575","1547.69"
558,0,"1638.2","-407.574","1549.01"
559,0,"1639.25","-402.73","1550.18"
560,0,"1640.29","-398.053","1551.25"
561,0,"1641.33","-393.547","1552.24"
562,0,"1642.39","-389.215","1553.17"
563,0,"1643.34","-384.994","1553.86"
564,0,"1644.42","-380.996","1554.67"
565,0,"1645.34","-377.073","1555.25"
566,0,"1646.35","-373.319","1555.9"
567,0,"1647.35","-369.692","1556.5"
568,0,"1648.5","-365.14","1556.48"
569,0,"1649.54","-361.857","1557.23"
570,0,"1650.5","-358.624","1557.89"
571,0,"1651.43","-355.534","1558.67"
572,0,"1652.34","-352.558","1559.5"
573,0,"1653.21","-349.756","1560.37"
574,0,"1654.06","-347.091","1561.27"
575,0,"1654.88","-344.529","1562.18"
576,0,"1655.68","-342.078","1563.02"
577,0,"1656.45","-339.672","1563.76"
578,0,"1657.25","-337.558","1564.6"
579,0,"1657.98","-335.45","1565.31"
580,0,"1658.5","-334.342","1566.47"
581,0,"1659.19","-332.409","1567.07"
582,0,"1659.83","-330.552","1567.56"
583,0,"1660.45","-328.765","1567.98"
584,0,"1661.08","-327.077","1568.34"
585,0,"1661.73","-325.482","1568.63"
586,0,"1662.33","-323.899","1568.75"
587,0,"1663.01","-322.421","1568.89"
588,0,"1663.6","-320.932","1568.85"
589,0,"1664.25","-319.553","1568.82"
590,0,"1664.88","-318.231","1568.79"
591,0,"1665.51","-316.983","1568.81"
592,0,"1666.07","-315.796","1568.84"
593,0,"1666.55","-314.657","1568.93"
594,0,"1667.04","-313.641","1569.17"
595,0,"1667.46","-312.664","1569.44"
596,0,"1667.8","-311.72","1569.7"
597,0,"1668.17","-310.878","1570.05"
598,0,"1668.48","-310.072","1570.35"
599,0,"1668.74","-309.266","1570.59"
600,0,"1669.02","-308.567","1570.84"
601,0,"1669.27","-307.891","1571.04"
602,0,"1669.46","-307.25","1571.13"
603,0,"1669.61","-306.612","1571.16"
604,0,"1669.73","-305.99","1571.15"
605,0,"1669.83","-305.393","1571.12"
606,0,"1669.89","-304.809","1571.1"
607,0,"1669.92","-304.249","1571.1"
608,0,"1669.94","-303.712","1571.11"
609,0,"1669.93","-303.18","1571.14"
610,0,"1669.82","-302.633","1571.08"
611,0,"1669.65","-302.094","1571.01"
612,0,"1669.51","-301.619","1571.02"
613,0,"1669.24","-301.132","1570.98"
614,0,"1668.91","-300.633","1570.95"
615,0,"1668.59","-300.183","1571.03"
616,0,"1668.11","-299.702","1571.06"
617,0,"1667.57","-299.239","1571.15"
618,0,"1666.98","-298.811","1571.35"
619,0,"1666.25","-298.353","1571.56"
620,0,"1665.45","-297.915","1571.84"
621,0,"1664.57","-297.498","1572.18"
622,0,"1663.54","-297.025","1572.51"
623,0,"1662.47","-296.59","1572.89"
624,0,"1661.21","-296.088","1573.15"
625,0,"1660.01","-295.673","1573.57"
626,0,"1658.63","-295.194","1573.86"
627,0,"1657.19","-294.705","1574.19"
628,0,"1655.64","-294.18","1574.43"
629,0,"1653.98","-293.645","1574.69"
630,0,"1652.22","-293.093","1574.97"
631,0,"1650.32","-292.48","1575.23"
632,0,"1648.25","-291.799","1575.46"
633,0,"1646.2","-291.158","1575.85"
634,0,"1644","-290.427","1576.22"
635,0,"1641.73","-289.661","1576.61"
636,0,"1639.35","-288.841","1576.99"
637,0,"1636.89","-287.971","1577.4"
638,0,"1634.36","-287.054","1577.74"
639,0,"1631.69","-286.085","1578.04"
640,0,"1629.02","-285.119","1578.43"
641,0,"1626.24","-284.127","1578.8"
642,0,"1623.34","-283.073","1579.19"
643,0,"1620.3","-281.956","1579.53"
644,0,"1617.22","-280.816","1579.91"
645,0,"1614.08","-279.649","1580.33"
646,0,"1610.86","-278.432","1580.77"
647,0,"1607.6","-277.162","1581.23"
648,0,"1604.26","-275.845","1581.65"
649,0,"1600.9","-274.488","1582.07"
650,0,"1597.47","-273.093","1582.45"
651,0,"1594.01","-271.671","1582.81"
652,0,"1590.44","-270.178","1583.12"
653,0,"1586.84","-268.672","1583.47"
654,0,"1583.11","-267.078","1583.79"
655,0,"1579.29","-265.418","1584.09"
656,0,"1575.39","-263.704","1584.39"
657,0,"1571.48","-261.981","1584.82"
658,0,"1567.46","-260.187","1585.22"
659,0,"1563.35","-258.345","1585.61"
660,0,"1559.12","-256.444","1585.98"
661,0,"1554.83","-254.522","1586.38"
662,0,"1550.45","-252.556","1586.77"
663,0,"1545.97","-250.552","1587.14"
664,0,"1541.42","-248.511","1587.49"
665,0,"1536.75","-246.448","1587.8"
666,0,"1531.97","-244.348","1588.06"
667,0,"1527.1","-242.195","1588.32"
668,0,"1522.17","-240.048","1588.58"
669,0,"1517.11","-237.833","1588.75"
670,0,"1511.99","-235.593","1588.94"
671,0,"1506.77","-233.297","1589.02"
672,0,"1501.49","-230.981","1589.1"
673,0,"1496.14","-228.602","1589.11"
674,0,"1490.75","-226.205","1589.09"
675,0,"1485.32","-223.757","1589.03"
676,0,"1479.83","-221.255","1588.9"
677,0,"1474.28","-218.716","1588.73"
678,0,"1468.73","-216.143","1588.53"
679,0,"1463.12","-213.506","1588.29"
680,0,"1457.47","-210.826","1588.01"
681,0,"1451.8","-208.083","1587.66"
682,0,"1446.12","-205.291","1587.29"
683,0,"1440.46","-202.476","1586.87"
684,0,"1434.82","-199.63","1586.41"
685,0,"1429.16","-196.739","1585.85"
686,0,"1423.53","-193.83","1585.22"
687,0,"1417.89","-190.882","1584.54"
688,0,"1412.33","-187.931","1583.86"
689,0,"1406.76","-184.963","1583.1"
690,0,"1401.18","-181.982","1582.27"
691,0,"1395.68","-179.03","1581.46"
692,0,"1390.1","-176.015","1580.55"
693,0,"1384.6","-173.055","1579.64"
694,0,"1379.09","-170.082","1578.72"
695,0,"1373.58","-167.14","1577.77"
696,0,"1368.12","-164.211","1576.87"
697,0,"1362.63","-161.308","1575.93"
698,0,"1357.16","-158.431","1575"
699,0,"1351.72","-155.6","1574.07"
700,0,"1346.28","-152.804","1573.05"
701,0,"1340.94","-150.101","1572.04"
702,0,"1335.62","-147.434","1570.97"
703,0,"1330.43","-144.826","1570"
704,0,"1325.33","-142.282","1569.17"
705,0,"1320.36","-139.758","1568.65"
706,0,"1315.48","-137.237","1568.46"
707,0,"1310.7","-134.76","1568.55"
