Frame,Sub Frame,"Reconstruction Position - Unlabeled Track (445)",,
,,"TX","TY","TZ"
Frames,Frames,"mm","mm","mm"
1,0,"617.052","-51.1604","1550.53"
2,0,"617.066","-51.0674","1550.57"
3,0,"617.077","-50.9762","1550.59"
4,0,"617.071","-50.886","1550.64"
5,0,"617.07","-50.7969","1550.67"
6,0,"617.061","-50.7089","1550.7"
7,0,"617.047","-50.6144","1550.73"
8,0,"617.033","-50.519","1550.75"
9,0,"617.015","-50.4229","1550.78"
10,0,"616.992","-50.3218","1550.81"
11,0,"616.972","-50.2091","1550.83"
12,0,"616.946","-50.0984","1550.86"
13,0,"616.922","-49.9836","1550.89"
14,0,"616.896","-49.8625","1550.91"
15,0,"616.86","-49.736","1550.93"
16,0,"616.84","-49.6133","1550.96"
17,0,"616.817","-49.4919","1550.99"
18,0,"616.79","-49.3614","1551"
19,0,"616.761","-49.2358","1551.03"
20,0,"616.728","-49.1131","1551.05"
21,0,"616.692","-48.9926","1551.08"
22,0,"616.655","-48.8746","1551.12"
23,0,"616.613","-48.7588","1551.15"
24,0,"616.568","-48.6528","1551.19"
25,0,"616.516","-48.5521","1551.23"
26,0,"616.457","-48.4544","1551.25"
27,0,"616.395","-48.3607","1551.28"
28,0,"616.33","-48.2773","1551.3"
29,0,"616.264","-48.1966","1551.32"
30,0,"616.193","-48.1144","1551.33"
31,0,"616.126","-48.0374","1551.33"
32,0,"616.058","-47.9568","1551.33"
33,0,"615.983","-47.8803","1551.33"
34,0,"615.907","-47.814","1551.34"
35,0,"615.831","-47.7518","1551.35"
36,0,"615.75","-47.6874","1551.36"
37,0,"615.666","-47.6318","1551.39"
38,0,"615.581","-47.5711","1551.42"
39,0,"615.493","-47.5079","1551.44"
40,0,"615.413","-47.4489","1551.47"
41,0,"615.337","-47.3977","1551.5"
42,0,"615.261","-47.3481","1551.51"
43,0,"615.187","-47.3033","1551.52"
44,0,"615.11","-47.267","1551.53"
45,0,"615.037","-47.2294","1551.53"
46,0,"614.971","-47.1968","1551.54"
47,0,"614.907","-47.1734","1551.55"
48,0,"614.859","-47.1498","1551.57"
49,0,"614.807","-47.1265","1551.58"
50,0,"614.751","-47.1077","1551.61"
51,0,"614.706","-47.0971","1551.64"
52,0,"614.659","-47.0894","1551.67"
53,0,"614.614","-47.0838","1551.71"
54,0,"614.576","-47.0733","1551.74"
55,0,"614.551","-47.0691","1551.77"
56,0,"614.523","-47.0614","1551.78"
57,0,"614.5","-47.0608","1551.78"
58,0,"614.484","-47.061","1551.77"
59,0,"614.469","-47.0584","1551.76"
60,0,"614.452","-47.0611","1551.74"
61,0,"614.435","-47.0662","1551.72"
62,0,"614.409","-47.0764","1551.69"
63,0,"614.386","-47.091","1551.68"
64,0,"614.354","-47.1081","1551.67"
65,0,"614.322","-47.1193","1551.66"
66,0,"614.281","-47.1384","1551.66"
67,0,"614.237","-47.1444","1551.65"
68,0,"614.189","-47.1568","1551.64"
69,0,"614.145","-47.1664","1551.62"
70,0,"614.1","-47.1736","1551.6"
71,0,"614.05","-47.1809","1551.57"
72,0,"613.998","-47.186","1551.55"
73,0,"613.943","-47.1936","1551.53"
74,0,"613.89","-47.2003","1551.51"
75,0,"613.835","-47.2105","1551.5"
76,0,"613.789","-47.2064","1551.49"
77,0,"613.751","-47.1979","1551.48"
78,0,"613.715","-47.1881","1551.46"
79,0,"613.684","-47.1748","1551.46"
80,0,"613.665","-47.1561","1551.46"
81,0,"613.631","-47.1287","1551.45"
82,0,"613.611","-47.1008","1551.45"
83,0,"613.588","-47.0723","1551.45"
84,0,"613.564","-47.0448","1551.47"
85,0,"613.532","-47.0082","1551.48"
86,0,"613.483","-46.9667","1551.51"
87,0,"613.419","-46.9225","1551.53"
88,0,"613.336","-46.8681","1551.55"
89,0,"613.238","-46.8055","1551.57"
90,0,"613.125","-46.7321","1551.59"
91,0,"612.98","-46.6563","1551.6"
92,0,"612.806","-46.5724","1551.62"
93,0,"612.593","-46.4788","1551.64"
94,0,"612.328","-46.3641","1551.65"
95,0,"612.008","-46.2448","1551.67"
96,0,"611.626","-46.1098","1551.71"
97,0,"611.201","-45.9757","1551.75"
98,0,"610.718","-45.8247","1551.83"
99,0,"610.124","-45.6465","1551.9"
100,0,"609.494","-45.4801","1552"
101,0,"608.772","-45.2985","1552.1"
102,0,"607.984","-45.1145","1552.22"
103,0,"607.137","-44.9419","1552.35"
104,0,"606.177","-44.7398","1552.48"
105,0,"605.169","-44.5379","1552.62"
106,0,"604.082","-44.3141","1552.76"
107,0,"602.917","-44.0917","1552.9"
108,0,"601.646","-43.8427","1553.02"
109,0,"600.294","-43.5904","1553.14"
110,0,"598.864","-43.3141","1553.26"
111,0,"597.336","-43.0261","1553.37"
112,0,"595.722","-42.7248","1553.47"
113,0,"594.013","-42.4043","1553.57"
114,0,"592.252","-42.1023","1553.71"
115,0,"590.382","-41.7748","1553.83"
116,0,"588.475","-41.4614","1553.99"
117,0,"586.467","-41.143","1554.15"
118,0,"584.431","-40.8168","1554.35"
119,0,"582.311","-40.5144","1554.54"
120,0,"580.124","-40.2101","1554.73"
121,0,"577.892","-39.9253","1554.94"
122,0,"575.611","-39.6329","1555.11"
123,0,"573.271","-39.3499","1555.27"
124,0,"570.89","-39.0685","1555.41"
125,0,"568.49","-38.8045","1555.55"
126,0,"566.06","-38.557","1555.67"
127,0,"563.611","-38.3186","1555.78"
128,0,"561.166","-38.0831","1555.87"
129,0,"558.72","-37.8703","1555.98"
130,0,"556.272","-37.6662","1556.1"
131,0,"553.813","-37.483","1556.21"
132,0,"551.342","-37.3074","1556.34"
133,0,"548.881","-37.1538","1556.47"
134,0,"546.412","-37.0078","1556.58"
135,0,"543.949","-36.8775","1556.7"
136,0,"541.495","-36.7572","1556.8"
137,0,"539.047","-36.6372","1556.87"
138,0,"536.609","-36.549","1556.95"
139,0,"534.198","-36.4829","1557"
140,0,"531.79","-36.426","1557.02"
141,0,"529.436","-36.408","1557.02"
142,0,"527.09","-36.4118","1557"
143,0,"524.773","-36.4327","1556.94"
144,0,"522.458","-36.4845","1556.85"
145,0,"520.2","-36.5809","1556.75"
146,0,"517.988","-36.7165","1556.64"
147,0,"515.783","-36.8813","1556.53"
148,0,"513.594","-37.0884","1556.4"
149,0,"511.495","-37.3473","1556.27"
150,0,"509.411","-37.6679","1556.14"
151,0,"507.409","-38.0269","1555.98"
152,0,"505.467","-38.4601","1555.8"
153,0,"503.623","-38.9452","1555.63"
154,0,"501.838","-39.5033","1555.44"
155,0,"500.124","-40.1367","1555.26"
156,0,"498.502","-40.8506","1555.09"
157,0,"496.95","-41.6293","1554.95"
158,0,"495.458","-42.501","1554.78"
159,0,"494.056","-43.4705","1554.62"
160,0,"492.737","-44.5383","1554.45"
161,0,"491.49","-45.7024","1554.25"
162,0,"490.343","-46.9695","1554.06"
163,0,"489.293","-48.3834","1553.9"
164,0,"488.338","-49.903","1553.78"
165,0,"487.446","-51.5508","1553.67"
166,0,"486.691","-53.3551","1553.62"
167,0,"486.003","-55.2835","1553.54"
168,0,"485.424","-57.3642","1553.46"
169,0,"484.955","-59.5968","1553.36"
170,0,"484.606","-61.9898","1553.21"
171,0,"484.363","-64.5317","1553.01"
172,0,"484.232","-67.2431","1552.77"
173,0,"484.193","-70.1206","1552.52"
174,0,"484.261","-73.1551","1552.22"
175,0,"484.453","-76.3915","1551.93"
176,0,"484.728","-79.7821","1551.58"
177,0,"485.087","-83.3465","1551.21"
178,0,"485.53","-87.0963","1550.8"
179,0,"486.113","-91.0304","1550.36"
180,0,"486.727","-95.1355","1549.87"
181,0,"487.458","-99.4109","1549.31"
182,0,"488.255","-103.895","1548.69"
183,0,"489.137","-108.526","1547.97"
184,0,"490.099","-113.358","1547.13"
185,0,"491.136","-118.364","1546.17"
186,0,"492.229","-123.558","1545.08"
187,0,"493.432","-128.946","1543.89"
188,0,"494.712","-134.509","1542.57"
189,0,"496.023","-140.249","1541.11"
190,0,"497.407","-146.168","1539.56"
191,0,"498.869","-152.282","1537.84"
192,0,"500.394","-158.544","1536.01"
193,0,"501.977","-165.008","1534.04"
194,0,"503.589","-171.633","1531.91"
195,0,"505.267","-178.438","1529.65"
196,0,"506.976","-185.413","1527.25"
197,0,"508.697","-192.54","1524.67"
198,0,"510.439","-199.831","1521.93"
199,0,"512.158","-207.283","1519.07"
200,0,"513.909","-214.884","1516.17"
201,0,"515.635","-222.616","1513.31"
202,0,"517.364","-230.525","1510.54"
203,0,"519.081","-238.556","1507.91"
204,0,"520.758","-246.731","1505.32"
205,0,"522.408","-254.983","1502.64"
206,0,"523.969","-263.29","1499.76"
207,0,"525.447","-271.584","1496.66"
208,0,"526.847","-279.844","1493.35"
209,0,"528.181","-288.022","1489.86"
210,0,"529.451","-296.058","1486.29"
211,0,"530.659","-303.961","1482.67"
212,0,"531.832","-311.685","1479.07"
213,0,"532.963","-319.225","1475.56"
214,0,"534.023","-326.558","1472.09"
215,0,"535.022","-333.7","1468.75"
216,0,"535.948","-340.605","1465.5"
217,0,"536.828","-347.289","1462.31"
218,0,"537.685","-353.76","1459.22"
219,0,"538.509","-359.975","1456.17"
220,0,"539.314","-365.938","1453.14"
221,0,"540.098","-371.644","1450.15"
222,0,"540.909","-377.109","1447.19"
223,0,"541.759","-382.313","1444.29"
224,0,"542.603","-387.26","1441.46"
225,0,"543.459","-391.981","1438.77"
226,0,"544.331","-396.467","1436.19"
227,0,"545.162","-400.681","1433.75"
228,0,"546.029","-404.675","1431.51"
229,0,"546.875","-408.428","1429.4"
230,0,"547.744","-411.932","1427.42"
231,0,"548.648","-415.213","1425.55"
232,0,"549.612","-418.276","1423.78"
233,0,"550.612","-421.1","1422.1"
234,0,"551.648","-423.684","1420.52"
235,0,"552.719","-426.052","1419.04"
236,0,"553.83","-428.17","1417.69"
237,0,"554.899","-430.048","1416.41"
238,0,"555.984","-431.695","1415.3"
239,0,"557.068","-433.151","1414.32"
240,0,"558.142","-434.33","1413.47"
241,0,"559.262","-435.301","1412.78"
242,0,"560.347","-436.045","1412.19"
243,0,"561.388","-436.565","1411.65"
244,0,"562.38","-436.832","1411.24"
245,0,"563.33","-436.899","1410.93"
246,0,"564.224","-436.742","1410.72"
247,0,"565.059","-436.372","1410.6"
248,0,"565.84","-435.75","1410.57"
249,0,"566.622","-434.953","1410.67"
250,0,"567.346","-433.904","1410.85"
251,0,"568.074","-432.618","1411.15"
252,0,"568.77","-431.121","1411.53"
253,0,"569.432","-429.383","1412.05"
254,0,"570.009","-427.396","1412.67"
255,0,"570.55","-425.166","1413.38"
256,0,"571.022","-422.7","1414.16"
257,0,"571.455","-419.982","1415.04"
258,0,"571.903","-417.041","1416"
259,0,"572.311","-413.844","1417.05"
260,0,"572.737","-410.354","1418.21"
261,0,"573.177","-406.655","1419.51"
262,0,"573.62","-402.67","1420.96"
263,0,"574.068","-398.399","1422.56"
264,0,"574.526","-393.893","1424.32"
265,0,"574.963","-389.069","1426.23"
266,0,"575.399","-384.023","1428.28"
267,0,"575.686","-378.849","1430.57"
268,0,"576.221","-373.29","1432.9"
269,0,"576.788","-367.46","1435.33"
270,0,"577.444","-361.378","1437.83"
271,0,"578.162","-355.028","1440.4"
272,0,"578.979","-348.413","1443.06"
273,0,"579.879","-341.529","1445.87"
274,0,"580.857","-334.36","1448.77"
275,0,"581.928","-326.866","1451.84"
276,0,"583.053","-319.093","1455.05"
277,0,"584.26","-310.987","1458.41"
278,0,"585.571","-302.553","1461.9"
279,0,"586.901","-293.796","1465.5"
280,0,"588.318","-284.752","1469.21"
281,0,"589.785","-275.391","1472.99"
282,0,"591.32","-265.752","1476.84"
283,0,"592.926","-255.82","1480.75"
284,0,"594.695","-245.603","1484.61"
285,0,"596.328","-235.068","1488.63"
286,0,"598.163","-224.274","1492.66"
287,0,"600.067","-213.24","1496.71"
288,0,"602.044","-201.946","1500.75"
289,0,"604.122","-190.433","1504.77"
290,0,"606.273","-178.744","1508.73"
291,0,"608.506","-166.876","1512.62"
292,0,"610.775","-154.903","1516.43"
293,0,"613.121","-142.82","1520.14"
294,0,"615.478","-130.649","1523.74"
295,0,"618.054","-118.421","1527.1"
296,0,"620.493","-106.228","1530.65"
297,0,"622.72","-93.7207","1533.87"
298,0,"625.176","-81.2587","1537.05"
299,0,"627.658","-68.7324","1540.12"
300,0,"630.165","-56.1575","1543.07"
301,0,"632.712","-43.532","1545.87"
302,0,"635.315","-30.9063","1548.49"
303,0,"637.948","-18.2971","1550.94"
304,0,"640.638","-5.6771","1553.19"
305,0,"643.341","6.89765","1555.22"
306,0,"646.063","19.4182","1557.03"
307,0,"648.834","31.8815","1558.64"
308,0,"651.638","44.3061","1560.02"
309,0,"654.478","56.668","1561.19"
310,0,"657.128","68.7965","1562.14"
311,0,"659.996","81.0585","1562.83"
312,0,"662.884","93.2401","1563.29"
313,0,"665.798","105.375","1563.52"
314,0,"668.723","117.481","1563.53"
315,0,"671.652","129.545","1563.34"
316,0,"674.582","141.546","1562.95"
317,0,"677.496","153.514","1562.34"
318,0,"680.395","165.432","1561.54"
319,0,"683.272","177.289","1560.52"
320,0,"686.256","189.223","1559.24"
321,0,"689.069","200.929","1557.81"
322,0,"691.84","212.548","1556.17"
323,0,"694.616","224.046","1554.29"
324,0,"697.336","235.401","1552.2"
325,0,"700.059","246.614","1549.9"
326,0,"702.731","257.674","1547.37"
327,0,"705.346","268.573","1544.63"
328,0,"707.91","279.31","1541.67"
329,0,"710.44","289.803","1538.48"
330,0,"712.916","300.086","1535.09"
331,0,"715.371","310.164","1531.5"
332,0,"717.797","319.976","1527.73"
333,0,"720.198","329.497","1523.81"
334,0,"722.551","338.755","1519.76"
335,0,"724.865","347.764","1515.57"
336,0,"727.097","356.527","1511.24"
337,0,"729.258","365.015","1506.77"
338,0,"731.325","373.204","1502.2"
339,0,"733.335","381.119","1497.51"
340,0,"735.285","388.739","1492.73"
341,0,"737.203","396.055","1487.91"
342,0,"739.066","403.118","1483.05"
343,0,"740.864","409.837","1478.16"
344,0,"742.543","416.285","1473.23"
345,0,"744.13","422.461","1468.25"
346,0,"745.602","428.318","1463.31"
347,0,"746.919","433.921","1458.38"
348,0,"748.059","439.304","1453.53"
349,0,"749.094","444.42","1448.74"
350,0,"749.993","449.287","1444.03"
351,0,"750.877","453.861","1439.45"
352,0,"751.649","458.213","1434.96"
353,0,"752.332","462.263","1430.64"
354,0,"752.947","466.124","1426.44"
355,0,"753.481","469.77","1422.35"
356,0,"753.925","473.217","1418.41"
357,0,"754.308","476.493","1414.64"
358,0,"754.593","479.584","1411.07"
359,0,"754.815","482.46","1407.7"
360,0,"754.988","485.123","1404.58"
361,0,"755.092","487.58","1401.71"
362,0,"755.16","489.791","1399.09"
363,0,"755.17","491.754","1396.72"
364,0,"755.086","493.458","1394.6"
365,0,"754.902","494.909","1392.73"
366,0,"754.641","496.023","1391.12"
367,0,"754.264","496.807","1389.76"
368,0,"753.799","497.256","1388.63"
369,0,"753.223","497.353","1387.78"
370,0,"752.569","497.072","1387.2"
371,0,"751.839","496.474","1386.89"
372,0,"751.069","495.536","1386.92"
373,0,"750.265","494.287","1387.22"
374,0,"749.417","492.622","1387.8"
375,0,"748.546","490.55","1388.63"
376,0,"747.656","488.057","1389.66"
377,0,"746.766","485.112","1390.91"
378,0,"745.925","481.738","1392.41"
379,0,"745.116","477.989","1394.14"
380,0,"744.38","473.951","1396.04"
381,0,"743.712","469.585","1398.17"
382,0,"743.152","464.989","1400.49"
383,0,"742.712","460.09","1403.02"
384,0,"742.363","454.888","1405.72"
385,0,"742.101","449.401","1408.54"
386,0,"741.962","443.547","1411.49"
387,0,"741.954","437.362","1414.54"
388,0,"742.113","430.823","1417.67"
389,0,"742.395","423.964","1420.88"
390,0,"742.797","416.746","1424.14"
391,0,"743.217","409.204","1427.34"
392,0,"743.448","401.412","1430.47"
393,0,"744.285","393.021","1433.57"
394,0,"744.58","384.571","1436.47"
395,0,"744.747","375.902","1439.23"
396,0,"744.792","367.104","1441.81"
397,0,"744.685","358.127","1444.24"
398,0,"744.466","348.983","1446.5"
399,0,"744.063","339.675","1448.55"
400,0,"743.657","330.121","1450.47"
401,0,"743.141","320.34","1452.27"
402,0,"742.541","310.348","1454.02"
403,0,"741.836","300.114","1455.71"
404,0,"740.984","289.528","1457.37"
405,0,"740.011","278.659","1458.96"
406,0,"738.977","267.475","1460.53"
407,0,"737.888","255.913","1462.12"
408,0,"736.744","244.004","1463.7"
409,0,"735.632","231.763","1465.32"
410,0,"734.58","219.158","1467.11"
411,0,"733.568","206.273","1469.15"
412,0,"732.669","193.107","1471.54"
413,0,"731.859","179.696","1474.34"
414,0,"731.163","166.047","1477.6"
415,0,"730.653","152.17","1481.44"
416,0,"730.206","137.964","1486.06"
417,0,"730.231","123.906","1491.51"
418,0,"730.528","109.842","1497.93"
419,0,"731.169","95.7763","1505.47"
420,0,"732.382","81.7182","1514.29"
421,0,"734.257","67.655","1524.33"
422,0,"736.815","53.5503","1535.46"
423,0,"740.082","39.4669","1547.58"
424,0,"743.972","25.4927","1560.51"
425,0,"748.581","11.7294","1574.14"
426,0,"753.597","-1.96726","1588.15"
427,0,"759.185","-15.6088","1602.32"
428,0,"765.403","-29.3254","1616.3"
429,0,"772.385","-43.2207","1629.86"
430,0,"780.168","-57.3502","1642.8"
431,0,"788.617","-71.6581","1655.01"
432,0,"797.309","-86.0883","1666.13"
433,0,"806.141","-100.503","1676.37"
434,0,"814.582","-114.803","1685.54"
435,0,"822.448","-129.034","1693.91"
436,0,"829.612","-142.902","1701.03"
437,0,"836.384","-156.588","1707.4"
438,0,"842.757","-170.011","1712.87"
439,0,"848.943","-183.254","1717.85"
440,0,"854.823","-196.724","1722.07"
441,0,"860.561","-209.787","1725.54"
442,0,"866.087","-222.61","1728.28"
443,0,"871.388","-235.01","1730.68"
444,0,"876.195","-247.049","1732.17"
445,0,"880.765","-258.565","1733.29"
446,0,"885.152","-269.55","1734.12"
447,0,"889.352","-280.064","1734.72"
448,0,"893.058","-290.105","1734.88"
449,0,"897.14","-300.262","1735.17"
450,0,"899.219","-309.545","1734.81"
451,0,"901.106","-318.919","1734.18"
452,0,"902.286","-328.066","1732.86"
453,0,"902.783","-336.953","1731.25"
454,0,"902.975","-345.407","1728.99"
455,0,"902.995","-353.427","1726.33"
456,0,"902.94","-361.037","1723.3"
457,0,"902.995","-368.296","1720.02"
458,0,"903.229","-375.326","1716.56"
459,0,"903.615","-382.202","1713.02"
460,0,"904.031","-388.975","1709.52"
461,0,"904.405","-395.765","1706.09"
462,0,"904.926","-402.41","1702.71"
463,0,"905.669","-409.55","1699.28"
464,0,"906.681","-417.01","1695.24"
465,0,"907.777","-424.995","1690.2"
466,0,"909.051","-433.776","1684.07"
467,0,"910.39","-443.311","1676.91"
468,0,"911.854","-453.673","1668.69"
469,0,"913.312","-464.83","1659.35"
470,0,"914.615","-476.752","1648.8"
471,0,"915.717","-489.399","1637.07"
472,0,"916.608","-502.638","1624.25"
473,0,"917.254","-516.186","1610.27"
474,0,"917.548","-529.644","1594.81"
475,0,"918.591","-543.394","1578.65"
476,0,"919.831","-557.062","1561.5"
477,0,"920.928","-570.233","1542.99"
478,0,"922.43","-583.144","1523.74"
479,0,"924.045","-595.718","1503.63"
480,0,"926.016","-608.327","1483.34"
481,0,"927.489","-620.468","1462.22"
482,0,"929.41","-632.726","1441.88"
483,0,"931.763","-645.072","1422.43"
484,0,"934.725","-657.687","1404.52"
485,0,"938.145","-670.352","1388.31"
486,0,"942.118","-682.547","1373.1"
487,0,"946.148","-693.849","1357.74"
488,0,"949.963","-704.514","1342.23"
489,0,"953.348","-714.863","1326.97"
490,0,"956.363","-725.007","1312.63"
491,0,"959.192","-734.911","1299.83"
492,0,"961.691","-744.506","1288.33"
493,0,"963.738","-753.82","1278.11"
494,0,"965.209","-762.806","1269.26"
495,0,"966.214","-771.348","1261.86"
496,0,"966.813","-779.399","1255.84"
497,0,"967.026","-786.842","1250.92"
498,0,"966.955","-793.676","1246.95"
499,0,"966.633","-800.036","1243.87"
500,0,"966.068","-806.032","1241.8"
501,0,"965.206","-811.75","1240.72"
502,0,"964","-817.332","1240.63"
503,0,"962.436","-822.81","1241.54"
504,0,"960.328","-828.166","1243.05"
505,0,"958.07","-833.31","1245.74"
506,0,"955.418","-838.303","1248.98"
507,0,"952.536","-843.145","1253.02"
508,0,"949.423","-847.834","1257.77"
509,0,"946.053","-852.472","1263.19"
510,0,"942.263","-856.948","1268.97"
511,0,"938.514","-861.757","1275.58"
512,0,"934.397","-866.383","1282.3"
513,0,"930.063","-870.91","1289.12"
514,0,"925.619","-875.273","1295.84"
515,0,"921.111","-879.461","1302.38"
516,0,"916.543","-883.442","1308.73"
517,0,"911.94","-887.25","1314.97"
518,0,"907.253","-890.924","1321.21"
519,0,"902.527","-894.476","1327.54"
520,0,"897.758","-897.884","1333.9"
521,0,"892.95","-901.109","1340.16"
522,0,"888.085","-904.108","1346.14"
523,0,"883.138","-906.82","1351.7"
524,0,"878.109","-909.272","1356.67"
525,0,"873.016","-911.487","1360.95"
526,0,"867.826","-913.522","1364.51"
527,0,"862.58","-915.441","1367.44"
528,0,"857.23","-917.357","1369.79"
529,0,"851.78","-919.212","1371.64"
530,0,"846.235","-921.028","1373.06"
531,0,"840.593","-922.763","1374.13"
532,0,"834.761","-924.32","1374.9"
533,0,"828.663","-925.658","1375.37"
534,0,"822.267","-926.766","1375.57"
535,0,"815.679","-927.671","1375.6"
536,0,"808.999","-928.49","1375.58"
537,0,"802.217","-929.403","1375.54"
538,0,"795.478","-930.534","1375.65"
539,0,"788.872","-931.887","1376.11"
540,0,"782.499","-933.289","1376.96"
541,0,"776.234","-934.607","1377.96"
542,0,"770.135","-935.723","1378.91"
543,0,"764.164","-936.634","1379.72"
544,0,"758.37","-937.485","1380.7"
545,0,"752.772","-938.319","1382.06"
546,0,"747.378","-939.212","1383.9"
547,0,"742.184","-940.176","1386.22"
548,0,"737.184","-941.176","1388.93"
549,0,"732.396","-942.163","1391.97"
550,0,"727.787","-943.098","1395.27"
551,0,"723.394","-943.898","1398.75"
552,0,"719.225","-944.569","1402.38"
553,0,"715.321","-945.051","1406.14"
554,0,"711.663","-945.375","1410.01"
555,0,"708.239","-945.536","1413.97"
556,0,"705.034","-945.547","1418"
557,0,"702.04","-945.427","1422.12"
558,0,"699.229","-945.181","1426.4"
559,0,"696.625","-944.818","1430.79"
560,0,"694.226","-944.332","1435.31"
561,0,"692.043","-943.715","1439.89"
562,0,"690.071","-942.966","1444.47"
563,0,"688.319","-942.091","1449.03"
564,0,"686.808","-941.068","1453.45"
565,0,"685.542","-939.911","1457.8"
566,0,"684.53","-938.603","1462.01"
567,0,"683.75","-937.131","1466.05"
568,0,"683.197","-935.505","1469.92"
569,0,"682.877","-933.722","1473.6"
570,0,"682.789","-931.765","1477.07"
571,0,"682.915","-929.664","1480.33"
572,0,"683.251","-927.434","1483.37"
573,0,"683.774","-925.108","1486.2"
574,0,"684.492","-922.674","1488.82"
575,0,"685.381","-920.143","1491.2"
576,0,"686.421","-917.547","1493.36"
577,0,"687.606","-914.873","1495.29"
578,0,"688.914","-912.127","1496.97"
579,0,"690.354","-909.337","1498.42"
580,0,"691.917","-906.46","1499.63"
581,0,"693.588","-903.53","1500.59"
582,0,"695.278","-900.598","1501.17"
583,0,"697.365","-897.377","1501.68"
584,0,"699.465","-894.163","1501.76"
585,0,"701.677","-890.852","1501.55"
586,0,"703.971","-887.469","1501.01"
587,0,"706.329","-884.015","1500.15"
588,0,"708.753","-880.524","1498.95"
589,0,"711.151","-877.056","1497.49"
590,0,"713.427","-873.776","1495.82"
591,0,"715.858","-870.492","1494.38"
592,0,"718.256","-867.349","1493.18"
593,0,"720.833","-864.504","1492.75"
594,0,"723.181","-861.712","1492.34"
595,0,"725.462","-859.095","1492.27"
596,0,"727.748","-856.602","1492.54"
597,0,"729.997","-854.285","1493.25"
598,0,"732.206","-852.119","1494.34"
599,0,"734.333","-850.14","1495.87"
600,0,"736.327","-848.327","1497.85"
601,0,"738.23","-846.699","1500.36"
602,0,"739.969","-845.253","1503.37"
603,0,"741.59","-843.932","1506.88"
604,0,"743.075","-842.78","1510.77"
605,0,"744.456","-841.703","1514.91"
606,0,"745.723","-840.721","1519.23"
607,0,"746.906","-839.802","1523.61"
608,0,"748.009","-838.918","1527.92"
609,0,"749.061","-838.101","1532.13"
610,0,"750.039","-837.336","1536.14"
611,0,"750.933","-836.626","1539.89"
612,0,"751.756","-835.982","1543.37"
613,0,"752.493","-835.378","1546.52"
614,0,"753.14","-834.798","1549.35"
615,0,"753.678","-834.242","1551.81"
616,0,"754.104","-833.717","1553.93"
617,0,"754.432","-833.224","1555.72"
618,0,"754.664","-832.738","1557.18"
619,0,"754.829","-832.272","1558.31"
620,0,"754.916","-831.812","1559.08"
621,0,"754.938","-831.354","1559.5"
622,0,"754.895","-830.929","1559.61"
623,0,"754.783","-830.534","1559.41"
624,0,"754.603","-830.165","1558.93"
625,0,"754.305","-829.803","1558.19"
626,0,"753.88","-829.507","1557.23"
627,0,"753.331","-829.241","1556.04"
628,0,"752.64","-828.985","1554.65"
629,0,"751.832","-828.787","1553.11"
630,0,"750.902","-828.629","1551.47"
631,0,"749.878","-828.504","1549.83"
632,0,"748.762","-828.417","1548.35"
633,0,"747.591","-828.4","1547.23"
634,0,"746.355","-828.409","1546.55"
635,0,"745.044","-828.442","1546.26"
636,0,"743.723","-828.536","1546.27"
637,0,"742.363","-828.654","1546.48"
638,0,"740.996","-828.806","1546.84"
639,0,"739.637","-828.99","1547.35"
640,0,"738.267","-829.197","1547.96"
641,0,"736.957","-829.443","1548.75"
642,0,"735.69","-829.679","1549.68"
643,0,"734.462","-829.946","1550.78"
644,0,"733.3","-830.205","1552.06"
645,0,"732.218","-830.485","1553.49"
646,0,"731.221","-830.726","1555.01"
647,0,"730.289","-830.958","1556.56"
648,0,"729.46","-831.169","1558.13"
649,0,"728.698","-831.371","1559.64"
650,0,"727.996","-831.534","1561"
651,0,"727.372","-831.717","1562.24"
652,0,"726.792","-831.889","1563.3"
653,0,"726.275","-832.085","1564.2"
654,0,"725.831","-832.262","1564.97"
655,0,"725.417","-832.46","1565.61"
656,0,"725.075","-832.684","1566.14"
657,0,"724.775","-832.922","1566.54"
658,0,"724.547","-833.155","1566.79"
659,0,"724.35","-833.427","1566.94"
660,0,"724.216","-833.717","1566.98"
661,0,"724.132","-834.001","1566.88"
662,0,"724.093","-834.314","1566.63"
663,0,"724.082","-834.649","1566.28"
664,0,"724.103","-835.033","1565.8"
665,0,"724.139","-835.449","1565.24"
666,0,"724.181","-835.895","1564.66"
667,0,"724.234","-836.407","1564.16"
668,0,"724.264","-836.927","1563.74"
669,0,"724.297","-837.468","1563.48"
670,0,"724.306","-838.063","1563.33"
671,0,"724.33","-838.622","1563.27"
672,0,"724.342","-839.231","1563.28"
673,0,"724.362","-839.831","1563.32"
674,0,"724.4","-840.416","1563.38"
675,0,"724.466","-841.025","1563.45"
676,0,"724.545","-841.593","1563.52"
677,0,"724.636","-842.213","1563.59"
678,0,"724.75","-842.788","1563.65"
679,0,"724.889","-843.343","1563.68"
680,0,"725.035","-843.925","1563.69"
681,0,"725.202","-844.445","1563.63"
682,0,"725.422","-844.909","1563.56"
683,0,"725.657","-845.346","1563.44"
684,0,"725.943","-845.702","1563.29"
685,0,"726.266","-845.987","1563.15"
686,0,"726.628","-846.232","1563.02"
687,0,"727.045","-846.432","1562.92"
688,0,"727.474","-846.583","1562.85"
689,0,"727.941","-846.71","1562.82"
690,0,"728.448","-846.774","1562.86"
691,0,"728.963","-846.798","1562.94"
692,0,"729.493","-846.763","1563.1"
693,0,"730.049","-846.677","1563.31"
694,0,"730.592","-846.56","1563.56"
695,0,"731.132","-846.432","1563.85"
696,0,"731.703","-846.236","1564.19"
697,0,"732.25","-846.044","1564.51"
698,0,"732.808","-845.822","1564.83"
699,0,"733.379","-845.594","1565.16"
700,0,"733.942","-845.372","1565.46"
701,0,"734.513","-845.141","1565.73"
702,0,"735.075","-844.916","1565.98"
703,0,"735.64","-844.67","1566.19"
704,0,"736.185","-844.467","1566.37"
705,0,"736.682","-844.247","1566.5"
706,0,"737.161","-844.057","1566.59"
707,0,"737.6","-843.861","1566.64"
708,0,"738.024","-843.671","1566.65"
709,0,"738.395","-843.493","1566.61"
710,0,"738.741","-843.355","1566.53"
711,0,"739.062","-843.239","1566.4"
712,0,"739.335","-843.153","1566.21"
713,0,"739.586","-843.115","1565.97"
714,0,"739.815","-843.092","1565.66"
715,0,"740.005","-843.096","1565.31"
716,0,"740.16","-843.152","1564.96"
717,0,"740.264","-843.202","1564.62"
718,0,"740.334","-843.292","1564.29"
719,0,"740.366","-843.397","1564"
720,0,"740.348","-843.52","1563.77"
721,0,"740.265","-843.666","1563.56"
722,0,"740.159","-843.851","1563.38"
723,0,"739.998","-844.06","1563.24"
724,0,"739.788","-844.314","1563.13"
725,0,"739.55","-844.596","1563.05"
726,0,"739.291","-844.924","1563"
727,0,"739.013","-845.279","1562.96"
728,0,"738.704","-845.654","1562.94"
729,0,"738.399","-846.08","1562.96"
730,0,"738.066","-846.553","1562.99"
731,0,"737.749","-847.037","1563.01"
732,0,"737.417","-847.597","1563.05"
733,0,"737.074","-848.164","1563.05"
734,0,"736.723","-848.815","1563.02"
735,0,"736.371","-849.493","1562.95"
736,0,"736.011","-850.226","1562.79"
737,0,"735.63","-850.991","1562.56"
738,0,"735.25","-851.806","1562.24"
739,0,"734.854","-852.643","1561.83"
740,0,"734.468","-853.521","1561.35"
741,0,"734.05","-854.392","1560.76"
742,0,"733.642","-855.298","1560.06"
743,0,"733.215","-856.189","1559.23"
744,0,"732.781","-857.126","1558.21"
745,0,"732.315","-858.031","1556.93"
746,0,"731.832","-858.976","1555.37"
747,0,"731.342","-859.847","1553.46"
748,0,"730.836","-860.735","1551.2"
749,0,"730.334","-861.59","1548.6"
750,0,"729.835","-862.387","1545.65"
751,0,"729.333","-863.123","1542.37"
752,0,"728.835","-863.812","1538.82"
753,0,"728.316","-864.452","1535.03"
754,0,"727.813","-865.025","1531.06"
755,0,"727.303","-865.582","1526.99"
756,0,"726.828","-866.056","1522.88"
757,0,"726.339","-866.489","1518.84"
758,0,"725.901","-866.847","1514.93"
759,0,"725.506","-867.115","1511.26"
760,0,"725.131","-867.33","1507.87"
761,0,"724.813","-867.438","1504.82"
762,0,"724.494","-867.493","1502.22"
763,0,"724.214","-867.48","1500.15"
764,0,"723.967","-867.389","1498.66"
765,0,"723.742","-867.269","1497.85"
766,0,"723.56","-867.115","1497.79"
767,0,"723.393","-866.92","1498.44"
768,0,"723.244","-866.704","1499.76"
769,0,"723.115","-866.462","1501.69"
770,0,"723.043","-866.212","1504.15"
771,0,"722.971","-865.903","1507.01"
772,0,"722.922","-865.572","1510.21"
773,0,"722.902","-865.221","1513.65"
774,0,"722.891","-864.829","1517.25"
775,0,"722.9","-864.389","1520.93"
776,0,"722.92","-863.925","1524.6"
