Frame,Sub Frame,"Reconstruction Position - Unlabeled Track (496)",,
,,"TX","TY","TZ"
Frames,Frames,"mm","mm","mm"
1,0,"824.851","232.627","1001.09"
2,0,"824.873","232.669","1001.11"
3,0,"824.894","232.705","1001.12"
4,0,"824.918","232.728","1001.15"
5,0,"824.944","232.765","1001.16"
6,0,"824.969","232.795","1001.18"
7,0,"825.001","232.818","1001.19"
8,0,"825.043","232.823","1001.23"
9,0,"825.074","232.848","1001.23"
10,0,"825.122","232.848","1001.24"
11,0,"825.14","232.868","1001.22"
12,0,"825.177","232.855","1001.21"
13,0,"825.195","232.87","1001.15"
14,0,"825.246","232.803","1001.18"
15,0,"825.261","232.777","1001.15"
16,0,"825.271","232.748","1001.13"
17,0,"825.29","232.707","1001.1"
18,0,"825.293","232.646","1001.1"
19,0,"825.293","232.616","1001.07"
20,0,"825.283","232.576","1001.04"
21,0,"825.281","232.528","1001.03"
22,0,"825.277","232.475","1000.99"
23,0,"825.275","232.417","1000.98"
24,0,"825.273","232.356","1000.98"
25,0,"825.255","232.296","1000.98"
26,0,"825.237","232.262","1000.94"
27,0,"825.237","232.206","1000.95"
28,0,"825.241","232.146","1000.96"
29,0,"825.24","232.079","1000.97"
30,0,"825.261","232.019","1000.99"
31,0,"825.28","231.945","1001.01"
32,0,"825.297","231.896","1001"
33,0,"825.329","231.846","1001.01"
34,0,"825.345","231.817","1000.97"
35,0,"825.39","231.751","1000.99"
36,0,"825.439","231.688","1001.01"
37,0,"825.514","231.582","1001.09"
38,0,"825.568","231.528","1001.12"
39,0,"825.615","231.471","1001.14"
40,0,"825.66","231.389","1001.18"
41,0,"825.709","231.328","1001.19"
42,0,"825.759","231.264","1001.21"
43,0,"825.816","231.202","1001.22"
44,0,"825.857","231.158","1001.23"
45,0,"825.916","231.081","1001.29"
46,0,"825.951","231.039","1001.31"
47,0,"825.982","231","1001.34"
48,0,"826","230.961","1001.37"
49,0,"826.014","230.925","1001.39"
50,0,"826.031","230.895","1001.42"
51,0,"826.06","230.858","1001.45"
52,0,"826.083","230.829","1001.48"
53,0,"826.112","230.786","1001.51"
54,0,"826.161","230.749","1001.55"
55,0,"826.202","230.732","1001.57"
56,0,"826.263","230.711","1001.61"
57,0,"826.319","230.685","1001.65"
58,0,"826.382","230.668","1001.68"
59,0,"826.439","230.67","1001.7"
60,0,"826.52","230.664","1001.73"
61,0,"826.593","230.655","1001.78"
62,0,"826.682","230.619","1001.84"
63,0,"826.753","230.614","1001.87"
64,0,"826.827","230.603","1001.9"
65,0,"826.89","230.603","1001.91"
66,0,"826.916","230.633","1001.88"
67,0,"826.949","230.635","1001.89"
68,0,"826.966","230.642","1001.89"
69,0,"826.964","230.661","1001.89"
70,0,"826.956","230.689","1001.9"
71,0,"826.93","230.723","1001.91"
72,0,"826.879","230.766","1001.92"
73,0,"826.828","230.799","1001.93"
74,0,"826.772","230.821","1001.96"
75,0,"826.69","230.869","1001.94"
76,0,"826.63","230.899","1001.95"
77,0,"826.55","230.95","1001.93"
78,0,"826.486","230.984","1001.93"
79,0,"826.444","230.998","1001.96"
80,0,"826.383","231.028","1001.97"
81,0,"826.333","231.054","1001.97"
82,0,"826.285","231.081","1001.98"
83,0,"826.253","231.101","1002"
84,0,"826.223","231.125","1002.02"
85,0,"826.221","231.138","1002.05"
86,0,"826.21","231.161","1002.08"
87,0,"826.227","231.177","1002.12"
88,0,"826.231","231.206","1002.13"
89,0,"826.267","231.188","1002.17"
90,0,"826.315","231.161","1002.22"
91,0,"826.355","231.15","1002.24"
92,0,"826.416","231.09","1002.28"
93,0,"826.471","231.024","1002.29"
94,0,"826.575","230.889","1002.35"
95,0,"826.701","230.663","1002.46"
96,0,"826.835","230.391","1002.6"
97,0,"826.999","230.019","1002.76"
98,0,"827.114","229.637","1002.84"
99,0,"827.254","229.144","1002.97"
100,0,"827.398","228.592","1003.06"
101,0,"827.518","227.948","1003.16"
102,0,"827.694","227.138","1003.39"
103,0,"827.815","226.277","1003.56"
104,0,"827.902","225.353","1003.71"
105,0,"827.924","224.377","1003.81"
106,0,"827.969","223.291","1004.04"
107,0,"827.946","222.141","1004.21"
108,0,"827.907","220.902","1004.44"
109,0,"827.75","219.726","1004.53"
110,0,"827.602","218.432","1004.69"
111,0,"827.431","217.063","1004.89"
112,0,"827.119","215.788","1004.91"
113,0,"826.885","214.326","1005.11"
114,0,"826.561","212.919","1005.23"
115,0,"826.184","211.489","1005.3"
116,0,"825.804","209.947","1005.47"
117,0,"825.291","208.573","1005.42"
118,0,"824.81","207.07","1005.51"
119,0,"824.256","205.512","1005.57"
120,0,"823.734","203.886","1005.73"
121,0,"823.191","202.199","1005.89"
122,0,"822.585","200.481","1006"
123,0,"821.993","198.657","1006.16"
124,0,"821.429","196.744","1006.35"
125,0,"820.852","194.765","1006.54"
126,0,"820.272","192.666","1006.78"
127,0,"819.693","190.485","1007.01"
128,0,"819.073","188.254","1007.13"
129,0,"818.328","186.005","1007.13"
130,0,"817.867","183.518","1007.53"
131,0,"817.303","180.996","1007.74"
132,0,"816.962","178.241","1008.2"
133,0,"816.396","175.605","1008.45"
134,0,"816.189","172.561","1009.17"
135,0,"815.956","169.464","1009.87"
136,0,"814.99","167.003","1009.56"
137,0,"814.241","164.268","1009.52"
138,0,"813.658","161.32","1009.7"
139,0,"813.141","158.231","1009.98"
140,0,"812.713","155.054","1010.32"
141,0,"812.269","151.793","1010.68"
142,0,"811.881","148.42","1011.07"
143,0,"811.56","144.929","1011.5"
144,0,"811.377","141.256","1012.02"
145,0,"811.241","137.492","1012.56"
146,0,"811.185","133.565","1013.13"
147,0,"811.212","129.493","1013.72"
148,0,"811.322","125.248","1014.37"
149,0,"811.52","120.838","1015.06"
150,0,"811.798","116.287","1015.79"
151,0,"812.178","111.59","1016.57"
152,0,"812.763","106.611","1017.41"
153,0,"813.229","101.623","1018.26"
154,0,"814.08","96.3229","1019.3"
155,0,"814.783","90.981","1020.29"
156,0,"815.553","85.5432","1021.36"
157,0,"816.512","79.9763","1022.63"
158,0,"817.311","74.3459","1023.74"
159,0,"818.335","68.622","1025.12"
160,0,"819.151","62.8525","1026.3"
161,0,"820.055","57.0428","1027.56"
162,0,"821.032","51.186","1028.86"
163,0,"821.914","45.4049","1030.18"
164,0,"822.84","39.4523","1031.37"
165,0,"823.769","33.4822","1032.63"
166,0,"824.834","27.4471","1034.01"
167,0,"825.757","21.3072","1035.25"
168,0,"826.578","15.1665","1036.42"
169,0,"827.258","8.96628","1037.46"
170,0,"827.875","2.56348","1038.3"
171,0,"828.653","-3.92061","1039.3"
172,0,"829.18","-10.5156","1040.03"
173,0,"829.08","-17.0078","1040.33"
174,0,"829.705","-23.869","1040.97"
175,0,"829.719","-30.6523","1041.1"
176,0,"829.594","-37.4942","1041.05"
177,0,"829.26","-44.3793","1040.8"
178,0,"828.753","-51.2854","1040.32"
179,0,"828.031","-58.242","1039.6"
180,0,"827.082","-65.1965","1038.61"
181,0,"825.966","-72.162","1037.34"
182,0,"824.638","-79.129","1035.74"
183,0,"823.102","-86.127","1033.87"
184,0,"821.456","-93.1764","1031.68"
185,0,"819.57","-100.204","1029.19"
186,0,"817.494","-107.214","1026.42"
187,0,"815.225","-114.198","1023.34"
188,0,"812.752","-121.147","1019.95"
189,0,"810.085","-128.029","1016.25"
190,0,"807.268","-134.845","1012.28"
191,0,"804.268","-141.547","1007.99"
192,0,"801.199","-148.117","1003.43"
193,0,"798.047","-154.473","998.62"
194,0,"794.871","-160.63","993.562"
195,0,"791.711","-166.561","988.329"
196,0,"788.649","-172.292","982.985"
197,0,"785.684","-177.818","977.552"
198,0,"782.897","-183.174","972.046"
199,0,"780.376","-188.357","966.525"
200,0,"778.157","-193.345","961.005"
201,0,"776.209","-198.069","955.461"
202,0,"774.519","-202.463","949.931"
203,0,"773.108","-206.493","944.356"
204,0,"771.841","-210.105","938.9"
205,0,"770.888","-213.34","933.581"
206,0,"770.172","-216.274","928.471"
207,0,"769.676","-218.868","923.614"
208,0,"769.385","-221.179","919.014"
209,0,"769.164","-223.298","914.648"
210,0,"769.005","-225.275","910.518"
211,0,"768.833","-227.074","906.549"
212,0,"768.66","-228.711","902.747"
213,0,"768.493","-230.132","899.052"
214,0,"768.343","-231.344","895.508"
215,0,"768.212","-232.329","892.132"
216,0,"768.07","-233.018","888.877"
217,0,"767.928","-233.397","885.772"
218,0,"767.73","-233.549","882.766"
219,0,"767.541","-233.561","879.929"
220,0,"767.292","-233.488","877.226"
221,0,"767.032","-233.362","874.634"
222,0,"766.754","-233.201","872.189"
223,0,"766.49","-233.026","869.856"
224,0,"766.261","-232.906","867.621"
225,0,"766.045","-232.796","865.498"
226,0,"765.905","-232.736","863.487"
227,0,"765.842","-232.691","861.582"
228,0,"765.808","-232.661","859.771"
229,0,"765.819","-232.63","858.068"
230,0,"765.852","-232.553","856.414"
231,0,"765.885","-232.389","854.821"
232,0,"765.906","-232.195","853.29"
233,0,"765.918","-231.891","851.824"
234,0,"765.87","-231.553","850.406"
235,0,"765.832","-231.229","849.083"
236,0,"765.809","-230.897","847.861"
237,0,"765.74","-230.611","846.672"
238,0,"765.672","-230.319","845.631"
239,0,"765.573","-230.054","844.646"
240,0,"765.467","-229.786","843.776"
241,0,"765.252","-229.459","842.906"
242,0,"764.983","-229.118","842.108"
243,0,"764.699","-228.768","841.361"
244,0,"764.364","-228.406","840.627"
245,0,"763.966","-228.086","839.914"
246,0,"763.546","-227.798","839.217"
247,0,"763.135","-227.544","838.593"
248,0,"762.713","-227.353","837.98"
249,0,"762.265","-227.214","837.391"
250,0,"761.799","-227.059","836.872"
251,0,"761.273","-226.866","836.416"
252,0,"760.682","-226.639","836.045"
253,0,"759.985","-226.394","835.7"
254,0,"759.241","-226.162","835.41"
255,0,"758.452","-225.942","835.151"
256,0,"757.587","-225.764","834.904"
257,0,"756.64","-225.57","834.684"
258,0,"755.613","-225.387","834.471"
259,0,"754.481","-225.189","834.291"
260,0,"753.228","-225.021","834.13"
261,0,"751.863","-224.885","834.005"
262,0,"750.354","-224.808","833.946"
263,0,"748.638","-224.816","833.905"
264,0,"746.746","-224.929","833.968"
265,0,"744.644","-225.132","834.079"
266,0,"742.298","-225.505","834.288"
267,0,"739.789","-226.07","834.601"
268,0,"737.114","-226.854","835.053"
269,0,"734.299","-227.835","835.699"
270,0,"731.345","-228.988","836.57"
271,0,"728.295","-230.324","837.687"
272,0,"725.118","-231.868","839.057"
273,0,"721.851","-233.641","840.734"
274,0,"718.465","-235.814","842.917"
275,0,"715.088","-237.928","845.37"
276,0,"711.479","-240.444","848.123"
277,0,"707.805","-243.275","851.316"
278,0,"704.08","-246.409","854.981"
279,0,"700.332","-249.83","859.143"
280,0,"696.544","-253.535","863.837"
281,0,"692.788","-257.506","869.208"
282,0,"689.056","-261.717","875.218"
283,0,"685.439","-266.129","881.954"
284,0,"681.894","-270.653","889.389"
285,0,"678.456","-275.305","897.591"
286,0,"675.146","-280","906.547"
287,0,"671.904","-284.648","916.237"
288,0,"668.821","-289.221","926.682"
289,0,"665.814","-293.662","937.939"
290,0,"662.979","-297.937","950.109"
291,0,"660.244","-301.911","963.04"
292,0,"657.642","-305.499","976.721"
293,0,"655.097","-308.695","991.308"
294,0,"652.586","-311.325","1006.61"
295,0,"650.323","-313.327","1022.48"
296,0,"648.393","-314.713","1038.96"
297,0,"647.274","-315.82","1056.7"
298,0,"646.091","-315.947","1074.4"
299,0,"644.899","-315.258","1092.49"
300,0,"643.879","-313.822","1110.85"
301,0,"643.094","-311.666","1129.41"
302,0,"642.408","-308.703","1148.09"
303,0,"641.891","-304.873","1166.76"
304,0,"641.712","-300.283","1185.59"
305,0,"641.952","-294.989","1204.57"
306,0,"642.457","-288.957","1223.56"
307,0,"643.17","-282.205","1242.4"
308,0,"644.031","-274.746","1260.96"
309,0,"645.053","-266.626","1279.23"
310,0,"646.233","-257.845","1297.12"
311,0,"647.558","-248.396","1314.61"
312,0,"648.997","-238.31","1331.64"
313,0,"650.547","-227.628","1348.17"
314,0,"651.782","-216.577","1363.6"
315,0,"653.537","-204.867","1379.05"
316,0,"655.443","-192.702","1393.99"
317,0,"657.348","-180.18","1408.2"
318,0,"659.337","-167.294","1421.79"
319,0,"661.332","-154.144","1434.65"
320,0,"663.362","-140.797","1446.81"
321,0,"665.433","-127.28","1458.25"
322,0,"667.536","-113.662","1468.97"
323,0,"669.566","-100.018","1478.92"
324,0,"671.601","-86.3636","1488.14"
325,0,"673.633","-72.7322","1496.64"
326,0,"675.684","-59.1593","1504.42"
327,0,"677.79","-45.6803","1511.45"
328,0,"679.912","-32.3502","1517.72"
329,0,"682","-19.2688","1523.23"
330,0,"683.996","-6.50996","1528.02"
331,0,"685.907","5.89223","1532.13"
332,0,"687.767","17.941","1535.62"
333,0,"689.619","29.6133","1538.53"
334,0,"691.437","40.9636","1540.89"
335,0,"693.245","51.9645","1542.73"
336,0,"695.027","62.5828","1544.07"
337,0,"696.69","72.8511","1544.92"
338,0,"698.238","82.7594","1545.35"
339,0,"699.651","92.3406","1545.37"
340,0,"700.981","101.559","1545.05"
341,0,"702.171","110.397","1544.4"
342,0,"703.311","118.85","1543.46"
343,0,"704.365","126.982","1542.28"
344,0,"705.295","134.553","1540.83"
345,0,"706.242","141.923","1539.24"
346,0,"707.175","149.138","1537.54"
347,0,"707.987","155.586","1535.65"
348,0,"708.872","161.914","1533.67"
349,0,"709.759","167.921","1531.59"
350,0,"710.589","173.68","1529.4"
351,0,"711.41","179","1527.25"
352,0,"712.165","184.048","1525.03"
353,0,"712.9","188.767","1522.88"
354,0,"713.654","193.187","1520.75"
355,0,"714.532","197.252","1518.68"
356,0,"715.478","200.957","1516.66"
357,0,"716.484","204.341","1514.66"
358,0,"717.562","207.384","1512.79"
359,0,"718.627","210.09","1511.06"
360,0,"719.701","212.46","1509.46"
361,0,"720.79","214.499","1508.02"
362,0,"721.932","216.247","1506.68"
363,0,"723.116","217.762","1505.47"
364,0,"724.382","218.91","1504.44"
365,0,"725.64","219.701","1503.56"
366,0,"726.883","220.152","1502.81"
367,0,"728.08","220.258","1502.19"
368,0,"729.252","220.065","1501.7"
369,0,"730.348","219.509","1501.37"
370,0,"731.406","218.615","1501.19"
371,0,"732.401","217.394","1501.14"
372,0,"733.312","215.784","1501.21"
373,0,"734.124","213.788","1501.41"
374,0,"734.792","211.151","1501.74"
375,0,"735.223","208.155","1502.09"
376,0,"735.493","204.85","1502.59"
377,0,"735.42","200.711","1503.14"
378,0,"735.097","195.995","1503.77"
379,0,"734.544","190.717","1504.45"
380,0,"733.657","184.894","1505.18"
381,0,"732.381","178.593","1505.87"
382,0,"730.659","171.831","1506.43"
383,0,"728.302","164.657","1506.74"
384,0,"725.207","157.05","1506.71"
385,0,"721.297","148.979","1506.34"
386,0,"716.682","140.377","1505.61"
387,0,"711.466","131.236","1504.57"
388,0,"705.71","121.536","1503.08"
389,0,"699.471","111.24","1501.07"
390,0,"692.814","100.307","1498.45"
391,0,"685.951","88.7192","1495.2"
392,0,"679.062","76.5562","1491.26"
393,0,"672.302","63.8486","1486.65"
394,0,"665.744","50.6266","1481.32"
395,0,"659.486","36.923","1475.34"
396,0,"653.631","22.8058","1468.71"
397,0,"648.286","8.31852","1461.46"
398,0,"643.623","-6.48422","1453.64"
399,0,"639.781","-21.6047","1445.32"
400,0,"636.86","-37.1047","1436.56"
401,0,"634.903","-52.9003","1427.49"
402,0,"633.984","-68.9661","1418.17"
403,0,"634.128","-85.3816","1408.66"
404,0,"635.378","-102.077","1399.21"
405,0,"637.847","-118.983","1390.08"
406,0,"641.509","-136.054","1381.43"
407,0,"646.345","-153.254","1373.27"
408,0,"652.268","-170.579","1365.5"
409,0,"659.242","-188.098","1358.16"
410,0,"667.245","-205.617","1351.29"
411,0,"676.368","-222.938","1344.98"
412,0,"686.679","-239.843","1339.23"
413,0,"698.12","-256.144","1333.95"
414,0,"710.835","-271.771","1329.26"
415,0,"724.558","-286.536","1324.63"
416,0,"739.369","-300.561","1320.17"
417,0,"755.201","-313.767","1315.8"
418,0,"771.988","-325.997","1311.34"
419,0,"789.739","-337.089","1306.62"
420,0,"808.548","-346.824","1301.27"
421,0,"828.46","-354.956","1294.82"
422,0,"849.25","-361.131","1287.05"
423,0,"870.444","-365.097","1277.83"
424,0,"891.556","-366.614","1267.12"
425,0,"912.077","-365.498","1255.16"
426,0,"931.631","-361.559","1242.11"
427,0,"949.723","-354.913","1228.13"
428,0,"965.474","-345.496","1213.18"
429,0,"978.767","-333.438","1197.89"
430,0,"989.552","-319.351","1182.88"
431,0,"997.248","-303.254","1168.12"
432,0,"1001.68","-285.477","1153.99"
433,0,"1002.72","-266.369","1140.8"
434,0,"1000.43","-246.479","1128.87"
435,0,"995.146","-226.372","1118.37"
436,0,"987.464","-206.6","1109.71"
437,0,"977.33","-186.791","1102.39"
438,0,"965.498","-167.19","1096.85"
439,0,"952.207","-148.108","1092.91"
440,0,"937.056","-128.767","1090.91"
441,0,"920.674","-109.904","1090.6"
442,0,"903.767","-91.497","1092.62"
443,0,"886.214","-73.3097","1096.67"
444,0,"868.132","-55.6636","1102.11"
445,0,"849.919","-38.814","1109.11"
446,0,"832.025","-23.0638","1117.57"
447,0,"814.46","-8.3856","1126.86"
448,0,"796.362","4.98956","1138.06"
449,0,"779.334","17.2545","1149.81"
450,0,"763.008","28.2348","1162.13"
451,0,"747.533","37.8596","1174.63"
452,0,"732.954","45.7778","1186.88"
453,0,"719.527","51.8009","1198.4"
454,0,"707.167","55.958","1208.62"
455,0,"696.399","58.3068","1217.57"
456,0,"686.541","59.4117","1225.61"
457,0,"677.808","58.8949","1232.11"
458,0,"669.603","57.0742","1237.17"
459,0,"661.878","54.1162","1241.06"
460,0,"654.524","50.1296","1244.09"
461,0,"647.699","45.2296","1246.31"
462,0,"641.129","39.3974","1248.04"
463,0,"634.784","32.7136","1249.21"
464,0,"628.56","25.1339","1249.66"
465,0,"622.495","16.8271","1249.44"
466,0,"616.659","7.89291","1248.69"
467,0,"611.124","-1.31774","1247.32"
468,0,"605.812","-10.6668","1245.25"
469,0,"600.515","-20.164","1242.42"
470,0,"595.193","-29.6248","1238.92"
471,0,"589.813","-39.2271","1234.89"
472,0,"584.504","-48.9296","1230.34"
473,0,"579.295","-58.7053","1225.34"
474,0,"574.203","-68.5208","1220.01"
475,0,"569.2","-78.2872","1214.35"
476,0,"564.226","-87.8924","1208.39"
477,0,"559.303","-97.263","1202.3"
478,0,"554.395","-106.329","1196.15"
479,0,"549.586","-115.085","1189.98"
480,0,"544.87","-123.738","1183.83"
481,0,"540.394","-132.417","1177.67"
482,0,"536.236","-141.253","1171.63"
483,0,"532.598","-150.601","1165.78"
484,0,"529.551","-160.612","1159.99"
485,0,"527.081","-171.522","1154.4"
486,0,"525.207","-183.207","1149.24"
487,0,"523.704","-195.177","1144.63"
488,0,"522.775","-207.152","1140.63"
489,0,"522.316","-218.63","1137.16"
490,0,"522.027","-229.17","1134.19"
491,0,"522.389","-238.687","1131.92"
492,0,"523.658","-247.025","1130.43"
493,0,"524.909","-254.174","1130.24"
494,0,"528.025","-259.945","1130.27"
495,0,"530.779","-264.64","1131.73"
496,0,"533.766","-268.263","1134.08"
497,0,"537.03","-270.863","1137.18"
498,0,"540.246","-272.528","1140.88"
499,0,"544.057","-273.238","1144.54"
500,0,"547.796","-273.234","1148.38"
501,0,"551.635","-273.129","1152.13"
502,0,"554.953","-271.735","1155.89"
503,0,"558.657","-271.633","1159.43"
504,0,"561.738","-271.138","1162.88"
505,0,"564.69","-271.047","1166.25"
506,0,"567.31","-271.241","1169.57"
507,0,"569.57","-271.823","1172.92"
508,0,"571.383","-272.709","1176.31"
509,0,"572.857","-273.953","1179.8"
510,0,"573.86","-275.457","1183.38"
511,0,"574.393","-277.196","1186.97"
512,0,"574.598","-279.191","1190.46"
513,0,"574.462","-281.349","1193.8"
514,0,"573.935","-283.668","1197.05"
515,0,"572.94","-286.115","1200.31"
516,0,"571.464","-288.638","1203.76"
517,0,"569.417","-291.181","1207.41"
518,0,"566.803","-293.724","1211.36"
519,0,"563.566","-296.341","1215.58"
520,0,"559.61","-299.02","1219.98"
521,0,"555.101","-301.914","1224.39"
522,0,"550.01","-305.03","1228.54"
523,0,"544.315","-308.441","1232.21"
524,0,"538.073","-312.131","1235.22"
525,0,"531.234","-316.032","1237.37"
526,0,"524.029","-320.18","1238.69"
527,0,"516.399","-324.49","1239.05"
528,0,"508.393","-328.923","1238.42"
529,0,"500.198","-333.531","1236.85"
530,0,"491.99","-338.288","1234.35"
531,0,"483.869","-343.117","1230.94"
532,0,"476.074","-347.983","1226.62"
533,0,"468.741","-352.704","1221.36"
534,0,"462.038","-357.15","1215.24"
535,0,"456.096","-361.255","1208.2"
536,0,"451.036","-364.995","1200.36"
537,0,"447.005","-368.373","1191.75"
538,0,"444.07","-371.53","1182.46"
539,0,"442.338","-374.415","1172.53"
540,0,"441.952","-377.043","1162.18"
541,0,"442.883","-379.244","1151.7"
542,0,"445.199","-380.922","1141.31"
543,0,"448.719","-381.965","1131.15"
544,0,"453.579","-382.381","1121.34"
545,0,"459.64","-382.22","1111.92"
546,0,"466.83","-381.685","1103.01"
547,0,"475.012","-380.812","1094.66"
548,0,"484.065","-379.755","1086.96"
549,0,"493.912","-378.599","1080.09"
550,0,"504.44","-377.479","1074.06"
551,0,"515.553","-376.418","1069.01"
552,0,"527.094","-375.411","1064.86"
553,0,"538.959","-374.537","1061.45"
554,0,"551.103","-373.777","1058.64"
555,0,"563.485","-373.154","1056.32"
556,0,"576.046","-372.693","1054.4"
557,0,"588.754","-372.445","1052.71"
558,0,"601.594","-372.44","1051.22"
559,0,"614.412","-372.789","1049.82"
560,0,"627.201","-373.462","1048.64"
561,0,"639.803","-374.613","1047.56"
562,0,"652.244","-376.172","1046.64"
563,0,"664.41","-378.191","1045.83"
564,0,"676.303","-380.631","1045.16"
565,0,"687.942","-383.377","1044.56"
566,0,"699.3","-386.48","1043.97"
567,0,"710.399","-389.871","1043.27"
568,0,"721.302","-393.504","1042.43"
569,0,"732.023","-397.375","1041.38"
570,0,"742.608","-401.431","1040.09"
571,0,"753.029","-405.66","1038.56"
572,0,"763.286","-410.1","1036.82"
573,0,"773.78","-414.458","1034.8"
574,0,"783.62","-419.385","1032.51"
575,0,"793.55","-424.388","1029.97"
576,0,"803.163","-429.74","1027.23"
577,0,"812.837","-435.166","1024.45"
578,0,"822.229","-440.719","1021.14"
579,0,"831.715","-446.26","1017.71"
580,0,"841.258","-451.843","1014.1"
581,0,"850.34","-457.783","1010.08"
582,0,"859.477","-463.497","1006.13"
583,0,"868.211","-469.511","1001.74"
584,0,"876.668","-475.642","997.212"
585,0,"885.271","-481.519","992.93"
586,0,"893.348","-487.817","988.252"
587,0,"901.2","-494.244","983.679"
588,0,"909.092","-500.963","978.76"
589,0,"916.629","-507.908","974.139"
590,0,"924.236","-514.85","969.867"
591,0,"931.082","-522.37","965.375"
592,0,"938.513","-529.34","961.836"
593,0,"945.969","-535.942","959.138"
594,0,"950.779","-544.255","955.213"
595,0,"956.253","-551.453","952.83"
596,0,"961.582","-558.18","951.248"
597,0,"966.595","-564.634","950.563"
598,0,"971.35","-570.437","950.283"
599,0,"975.818","-575.793","950.609"
600,0,"979.972","-580.704","951.543"
601,0,"983.819","-585.265","953.057"
602,0,"987.258","-589.482","955.117"
603,0,"990.296","-593.312","957.634"
604,0,"992.955","-596.784","960.529"
605,0,"995.297","-599.862","963.764"
606,0,"997.385","-602.576","967.24"
607,0,"999.251","-604.941","970.896"
608,0,"1000.99","-606.993","974.675"
609,0,"1002.63","-608.751","978.464"
610,0,"1004.08","-610.319","982.176"
611,0,"1005.43","-611.674","985.722"
612,0,"1006.69","-612.884","989.076"
613,0,"1007.82","-614.012","992.13"
614,0,"1008.87","-615.111","994.893"
615,0,"1009.85","-616.174","997.341"
616,0,"1010.78","-617.244","999.466"
617,0,"1011.66","-618.309","1001.23"
618,0,"1012.49","-619.409","1002.66"
619,0,"1013.25","-620.532","1003.71"
620,0,"1013.96","-621.722","1004.37"
621,0,"1014.6","-622.931","1004.57"
622,0,"1015.19","-624.167","1004.32"
623,0,"1015.66","-625.462","1003.61"
624,0,"1015.95","-626.714","1002.44"
625,0,"1016.1","-627.939","1000.88"
626,0,"1016.07","-629.103","998.98"
627,0,"1015.87","-630.241","996.894"
628,0,"1015.5","-631.326","994.688"
629,0,"1015.02","-632.341","992.466"
630,0,"1014.48","-633.269","990.354"
631,0,"1013.94","-634.052","988.418"
632,0,"1013.31","-634.689","986.732"
633,0,"1012.57","-635.057","985.313"
634,0,"1011.71","-635.145","984.128"
635,0,"1010.65","-634.95","983.2"
636,0,"1009.41","-634.483","982.59"
637,0,"1008.04","-633.753","982.314"
638,0,"1006.58","-632.775","982.388"
639,0,"1005.03","-631.588","982.85"
640,0,"1003.44","-630.213","983.672"
641,0,"1001.81","-628.698","984.833"
642,0,"1000.23","-627.079","986.328"
643,0,"998.717","-625.373","988.107"
644,0,"997.295","-623.645","990.119"
645,0,"995.906","-621.888","992.275"
646,0,"994.578","-620.145","994.523"
647,0,"993.336","-618.446","996.795"
648,0,"992.121","-616.808","999.057"
649,0,"990.86","-615.149","1000.95"
650,0,"989.763","-613.726","1002.96"
651,0,"988.923","-612.474","1005.21"
652,0,"987.824","-611.096","1006.62"
653,0,"986.888","-609.962","1008.17"
654,0,"985.981","-608.932","1009.53"
655,0,"984.982","-607.966","1010.71"
656,0,"983.942","-607.029","1011.69"
657,0,"982.791","-606.142","1012.51"
658,0,"981.526","-605.304","1013.18"
659,0,"980.183","-604.511","1013.65"
660,0,"978.703","-603.79","1013.95"
661,0,"977.088","-603.12","1014.03"
662,0,"975.356","-602.463","1013.93"
663,0,"973.481","-601.85","1013.71"
664,0,"971.418","-601.158","1013.2"
665,0,"969.217","-600.516","1012.67"
666,0,"966.843","-599.832","1012.09"
667,0,"964.326","-599.105","1011.44"
668,0,"961.654","-598.298","1010.71"
669,0,"958.887","-597.487","1010.1"
670,0,"956.041","-596.619","1009.56"
671,0,"953.133","-595.695","1009.09"
672,0,"950.229","-594.758","1008.72"
673,0,"947.349","-593.794","1008.39"
674,0,"944.526","-592.895","1008.07"
675,0,"941.829","-592.105","1007.83"
676,0,"939.252","-591.365","1007.51"
677,0,"936.853","-590.753","1007.26"
678,0,"934.642","-590.165","1006.96"
679,0,"932.62","-589.655","1006.71"
680,0,"930.78","-589.156","1006.42"
681,0,"929.131","-588.695","1006.18"
682,0,"927.676","-588.203","1005.93"
683,0,"926.447","-587.749","1005.71"
684,0,"925.422","-587.322","1005.52"
685,0,"924.623","-586.866","1005.34"
686,0,"924.068","-586.5","1005.2"
687,0,"923.664","-586.148","1005.05"
688,0,"923.471","-585.86","1004.9"
689,0,"923.431","-585.628","1004.74"
690,0,"923.521","-585.426","1004.57"
691,0,"923.713","-585.246","1004.42"
692,0,"923.998","-585.108","1004.31"
693,0,"924.336","-584.974","1004.23"
694,0,"924.705","-584.881","1004.21"
695,0,"925.078","-584.818","1004.21"
696,0,"925.464","-584.775","1004.26"
697,0,"925.843","-584.747","1004.33"
698,0,"926.191","-584.777","1004.41"
699,0,"926.504","-584.843","1004.47"
700,0,"926.815","-584.951","1004.52"
701,0,"927.063","-585.102","1004.56"
702,0,"927.266","-585.307","1004.56"
703,0,"927.446","-585.526","1004.51"
704,0,"927.568","-585.781","1004.42"
705,0,"927.639","-586.056","1004.3"
706,0,"927.621","-586.334","1004.16"
707,0,"927.538","-586.607","1003.99"
708,0,"927.374","-586.897","1003.8"
709,0,"927.138","-587.189","1003.6"
710,0,"926.824","-587.448","1003.36"
711,0,"926.477","-587.728","1003.11"
712,0,"926.067","-587.978","1002.81"
713,0,"925.642","-588.202","1002.47"
714,0,"925.14","-588.434","1002.12"
715,0,"924.625","-588.638","1001.73"
716,0,"924.1","-588.776","1001.35"
717,0,"923.55","-588.892","1000.94"
718,0,"923.038","-588.956","1000.57"
719,0,"922.504","-589.029","1000.22"
720,0,"922.014","-589.023","999.907"
721,0,"921.578","-588.99","999.668"
722,0,"921.163","-588.894","999.43"
723,0,"920.578","-588.698","998.981"
724,0,"920.24","-588.583","998.864"
725,0,"919.953","-588.412","998.803"
726,0,"919.719","-588.223","998.808"
727,0,"919.483","-588.016","998.81"
728,0,"919.519","-587.879","999.171"
729,0,"919.399","-587.606","999.31"
730,0,"919.172","-587.283","999.303"
731,0,"919.167","-586.942","999.619"
732,0,"919.137","-586.588","999.947"
733,0,"919.127","-586.171","1000.33"
734,0,"919.284","-585.788","1000.97"
735,0,"919.163","-585.28","1001.19"
736,0,"919.179","-584.758","1001.62"
737,0,"919.233","-584.257","1002.05"
738,0,"919.296","-583.702","1002.4"
739,0,"919.39","-583.114","1002.68"
740,0,"919.485","-582.529","1002.9"
741,0,"919.654","-581.957","1003.04"
742,0,"919.829","-581.393","1003.06"
743,0,"920.021","-580.819","1002.91"
744,0,"920.255","-580.257","1002.57"
745,0,"920.486","-579.699","1001.97"
746,0,"920.71","-579.133","1001.06"
747,0,"921.045","-578.703","1000.05"
748,0,"921.293","-578.219","998.561"
749,0,"921.553","-577.788","996.793"
750,0,"921.781","-577.374","994.686"
751,0,"922.067","-577.126","992.383"
752,0,"922.231","-576.82","989.639"
753,0,"922.402","-576.653","986.689"
754,0,"922.75","-576.567","983.75"
755,0,"922.686","-576.444","980.093"
756,0,"922.851","-576.48","976.705"
757,0,"922.7","-576.42","972.819"
758,0,"922.61","-576.495","969.195"
759,0,"922.484","-576.573","965.677"
760,0,"922.241","-576.644","962.3"
761,0,"921.868","-576.795","959.215"
762,0,"921.378","-576.942","956.47"
763,0,"921.089","-577.154","954.628"
764,0,"920.177","-577.033","952.596"
765,0,"919.543","-577.144","951.727"
766,0,"918.65","-577.055","951.256"
767,0,"917.708","-576.905","951.429"
768,0,"916.746","-576.715","952.316"
769,0,"915.882","-576.494","953.807"
770,0,"915.143","-576.269","955.88"
771,0,"914.603","-576.061","958.458"
772,0,"914.296","-575.93","961.415"
773,0,"914.269","-575.872","964.696"
774,0,"914.496","-575.902","968.192"
775,0,"914.956","-576.069","971.787"
776,0,"915.667","-576.288","975.429"
