Frame,Sub Frame,"Reconstruction Position - Unlabeled Track (712)",,
,,"TX","TY","TZ"
Frames,Frames,"mm","mm","mm"
1,0,"618.415","-56.2578","1556.34"
2,0,"618.303","-56.3017","1556.35"
3,0,"618.194","-56.3458","1556.35"
4,0,"618.074","-56.3945","1556.36"
5,0,"617.964","-56.4508","1556.37"
6,0,"617.848","-56.5061","1556.38"
7,0,"617.729","-56.5719","1556.39"
8,0,"617.606","-56.6494","1556.4"
9,0,"617.478","-56.7262","1556.41"
10,0,"617.338","-56.815","1556.4"
11,0,"617.181","-56.9146","1556.39"
12,0,"617.021","-57.0203","1556.39"
13,0,"616.854","-57.1449","1556.39"
14,0,"616.684","-57.2654","1556.38"
15,0,"616.502","-57.4032","1556.38"
16,0,"616.32","-57.5393","1556.38"
17,0,"616.115","-57.6887","1556.38"
18,0,"615.894","-57.845","1556.37"
19,0,"615.662","-58.0004","1556.36"
20,0,"615.411","-58.1641","1556.36"
21,0,"615.166","-58.3288","1556.35"
22,0,"614.904","-58.5037","1556.34"
23,0,"614.652","-58.6829","1556.32"
24,0,"614.406","-58.8483","1556.3"
25,0,"614.159","-59.0191","1556.28"
26,0,"613.909","-59.1892","1556.25"
27,0,"613.658","-59.3544","1556.22"
28,0,"613.423","-59.5137","1556.17"
29,0,"613.201","-59.6862","1556.14"
30,0,"612.975","-59.8477","1556.11"
31,0,"612.75","-60.007","1556.08"
32,0,"612.521","-60.1649","1556.04"
33,0,"612.29","-60.3197","1556"
34,0,"612.083","-60.47","1555.96"
35,0,"611.887","-60.6304","1555.94"
36,0,"611.696","-60.7772","1555.89"
37,0,"611.506","-60.9309","1555.85"
38,0,"611.327","-61.0793","1555.8"
39,0,"611.167","-61.2197","1555.75"
40,0,"610.997","-61.3508","1555.69"
41,0,"610.834","-61.4789","1555.64"
42,0,"610.66","-61.6028","1555.59"
43,0,"610.493","-61.7123","1555.55"
44,0,"610.319","-61.8263","1555.51"
45,0,"610.161","-61.9268","1555.46"
46,0,"610.01","-62.023","1555.43"
47,0,"609.858","-62.1073","1555.39"
48,0,"609.712","-62.1905","1555.36"
49,0,"609.564","-62.2709","1555.34"
50,0,"609.427","-62.3363","1555.31"
51,0,"609.294","-62.392","1555.29"
52,0,"609.161","-62.4381","1555.27"
53,0,"609.036","-62.4734","1555.26"
54,0,"608.913","-62.5057","1555.28"
55,0,"608.785","-62.5305","1555.29"
56,0,"608.66","-62.5453","1555.32"
57,0,"608.537","-62.5615","1555.35"
58,0,"608.413","-62.5776","1555.38"
59,0,"608.283","-62.5957","1555.42"
60,0,"608.157","-62.6135","1555.45"
61,0,"608.007","-62.6361","1555.48"
62,0,"607.844","-62.6503","1555.52"
63,0,"607.647","-62.674","1555.55"
64,0,"607.433","-62.6924","1555.58"
65,0,"607.189","-62.7039","1555.62"
66,0,"606.918","-62.7298","1555.67"
67,0,"606.606","-62.757","1555.73"
68,0,"606.224","-62.7824","1555.78"
69,0,"605.793","-62.8065","1555.83"
70,0,"605.349","-62.8322","1555.89"
71,0,"604.842","-62.8665","1555.93"
72,0,"604.276","-62.895","1555.95"
73,0,"603.704","-62.9154","1555.96"
74,0,"603.053","-62.9394","1555.96"
75,0,"602.407","-62.9731","1555.97"
76,0,"601.656","-62.9888","1555.95"
77,0,"600.863","-63.0031","1555.94"
78,0,"599.996","-63.0199","1555.92"
79,0,"599.028","-63.0117","1555.89"
80,0,"597.966","-62.9979","1555.85"
81,0,"596.816","-62.9804","1555.78"
82,0,"595.549","-62.9336","1555.7"
83,0,"594.188","-62.8895","1555.59"
84,0,"592.704","-62.8173","1555.45"
85,0,"591.113","-62.7418","1555.28"
86,0,"589.401","-62.6536","1555.05"
87,0,"587.598","-62.5388","1554.81"
88,0,"585.69","-62.4259","1554.55"
89,0,"583.667","-62.2983","1554.27"
90,0,"581.547","-62.1657","1553.99"
91,0,"579.342","-62.0336","1553.72"
92,0,"577.047","-61.9105","1553.42"
93,0,"574.672","-61.7993","1553.14"
94,0,"572.233","-61.7059","1552.85"
95,0,"569.714","-61.6266","1552.54"
96,0,"567.165","-61.5576","1552.23"
97,0,"564.553","-61.5302","1551.9"
98,0,"561.904","-61.5362","1551.55"
99,0,"559.22","-61.5818","1551.16"
100,0,"556.547","-61.6643","1550.8"
101,0,"553.846","-61.7918","1550.41"
102,0,"551.136","-61.9815","1550.04"
103,0,"548.439","-62.2281","1549.67"
104,0,"545.764","-62.502","1549.34"
105,0,"543.1","-62.8496","1549.03"
106,0,"540.476","-63.2623","1548.73"
107,0,"537.864","-63.7296","1548.42"
108,0,"535.298","-64.2742","1548.11"
109,0,"532.784","-64.9026","1547.76"
110,0,"530.335","-65.6043","1547.42"
111,0,"527.927","-66.3929","1547.03"
112,0,"525.59","-67.2934","1546.69"
113,0,"523.323","-68.2918","1546.4"
114,0,"521.152","-69.3999","1546.16"
115,0,"519.075","-70.6462","1546"
116,0,"517.077","-71.9957","1545.86"
117,0,"515.162","-73.4818","1545.76"
118,0,"513.316","-75.1194","1545.64"
119,0,"511.559","-76.8763","1545.5"
120,0,"509.906","-78.7953","1545.37"
121,0,"508.306","-80.8524","1545.18"
122,0,"506.808","-83.0974","1544.97"
123,0,"505.426","-85.4922","1544.75"
124,0,"504.135","-88.0778","1544.51"
125,0,"502.959","-90.8481","1544.27"
126,0,"501.902","-93.7944","1544.03"
127,0,"500.955","-96.9264","1543.76"
128,0,"500.077","-100.229","1543.45"
129,0,"499.328","-103.732","1543.13"
130,0,"498.65","-107.433","1542.75"
131,0,"498.021","-111.301","1542.33"
132,0,"497.482","-115.362","1541.86"
133,0,"496.994","-119.599","1541.33"
134,0,"496.592","-124.034","1540.74"
135,0,"496.252","-128.659","1540.11"
136,0,"495.959","-133.478","1539.38"
137,0,"495.745","-138.512","1538.54"
138,0,"495.584","-143.726","1537.63"
139,0,"495.482","-149.135","1536.59"
140,0,"495.438","-154.743","1535.45"
141,0,"495.438","-160.574","1534.21"
142,0,"495.506","-166.589","1532.87"
143,0,"495.643","-172.805","1531.41"
144,0,"495.837","-179.224","1529.86"
145,0,"496.08","-185.834","1528.2"
146,0,"496.407","-192.679","1526.41"
147,0,"496.836","-199.719","1524.52"
148,0,"497.361","-206.971","1522.49"
149,0,"497.996","-214.391","1520.34"
150,0,"498.745","-222.024","1518.07"
151,0,"499.611","-229.86","1515.67"
152,0,"500.597","-237.893","1513.12"
153,0,"501.689","-246.084","1510.43"
154,0,"502.863","-254.449","1507.61"
155,0,"504.176","-263.022","1504.67"
156,0,"505.583","-271.767","1501.61"
157,0,"507.067","-280.645","1498.38"
158,0,"508.657","-289.69","1495.11"
159,0,"510.326","-298.885","1491.77"
160,0,"512.03","-308.2","1488.44"
161,0,"513.83","-317.656","1485.2"
162,0,"515.64","-327.176","1481.99"
163,0,"517.461","-336.734","1478.78"
164,0,"519.274","-346.267","1475.56"
165,0,"521.063","-355.755","1472.26"
166,0,"522.809","-365.114","1468.82"
167,0,"524.483","-374.311","1465.22"
168,0,"526.124","-383.321","1461.52"
169,0,"527.685","-392.109","1457.76"
170,0,"529.222","-400.719","1454"
171,0,"530.669","-409.103","1450.21"
172,0,"532.095","-417.284","1446.52"
173,0,"533.424","-425.209","1442.86"
174,0,"534.642","-432.9","1439.27"
175,0,"535.757","-440.339","1435.77"
176,0,"536.777","-447.514","1432.34"
177,0,"537.748","-454.421","1428.97"
178,0,"538.644","-461.049","1425.66"
179,0,"539.486","-467.419","1422.42"
180,0,"540.309","-473.524","1419.31"
181,0,"541.094","-479.375","1416.3"
182,0,"541.816","-484.965","1413.43"
183,0,"542.524","-490.321","1410.68"
184,0,"543.212","-495.488","1408.06"
185,0,"543.793","-500.39","1405.51"
186,0,"544.38","-505.144","1403.15"
187,0,"544.889","-509.654","1400.88"
188,0,"545.357","-513.976","1398.72"
189,0,"545.779","-518.123","1396.68"
190,0,"546.153","-522.083","1394.74"
191,0,"546.465","-525.826","1392.9"
192,0,"546.773","-529.412","1391.19"
193,0,"547.011","-532.773","1389.55"
194,0,"547.173","-535.909","1388.01"
195,0,"547.367","-538.903","1386.63"
196,0,"547.489","-541.644","1385.34"
197,0,"547.595","-544.204","1384.13"
198,0,"547.722","-546.587","1383.05"
199,0,"547.805","-548.793","1382.04"
200,0,"547.883","-550.785","1381.11"
201,0,"547.918","-552.559","1380.26"
202,0,"547.946","-554.223","1379.49"
203,0,"547.99","-555.667","1378.81"
204,0,"547.982","-556.951","1378.18"
205,0,"547.989","-558.028","1377.64"
206,0,"547.996","-558.889","1377.17"
207,0,"548.007","-559.578","1376.76"
208,0,"547.989","-560.089","1376.39"
209,0,"547.955","-560.394","1376.08"
210,0,"547.924","-560.536","1375.83"
211,0,"547.888","-560.482","1375.61"
212,0,"547.844","-560.249","1375.46"
213,0,"547.766","-559.805","1375.37"
214,0,"547.663","-559.163","1375.36"
215,0,"547.565","-558.388","1375.43"
216,0,"547.413","-557.333","1375.52"
217,0,"547.304","-556.147","1375.68"
218,0,"547.21","-554.78","1375.9"
219,0,"547.093","-553.172","1376.18"
220,0,"546.981","-551.357","1376.54"
221,0,"546.877","-549.374","1376.99"
222,0,"546.761","-547.193","1377.53"
223,0,"546.623","-544.809","1378.15"
224,0,"546.452","-542.201","1378.83"
225,0,"546.314","-539.486","1379.68"
226,0,"546.096","-536.504","1380.57"
227,0,"545.849","-533.331","1381.56"
228,0,"545.555","-529.927","1382.64"
229,0,"545.236","-526.347","1383.82"
230,0,"544.873","-522.512","1385.07"
231,0,"544.495","-518.504","1386.42"
232,0,"544.067","-514.266","1387.81"
233,0,"543.565","-509.813","1389.29"
234,0,"543.108","-505.229","1390.88"
235,0,"542.582","-500.335","1392.5"
236,0,"542.107","-495.322","1394.28"
237,0,"541.631","-490.041","1396.11"
238,0,"541.18","-484.527","1398.01"
239,0,"540.78","-478.793","1400"
240,0,"540.439","-472.853","1402.05"
241,0,"540.169","-466.677","1404.17"
242,0,"539.99","-460.301","1406.36"
243,0,"539.853","-453.652","1408.61"
244,0,"539.798","-446.768","1410.95"
245,0,"539.827","-439.626","1413.38"
246,0,"539.887","-432.137","1415.85"
247,0,"540.023","-424.415","1418.42"
248,0,"540.237","-416.404","1421.11"
249,0,"540.473","-408.085","1423.87"
250,0,"540.745","-399.459","1426.72"
251,0,"541.036","-390.526","1429.62"
252,0,"541.39","-381.316","1432.55"
253,0,"541.751","-371.778","1435.55"
254,0,"542.181","-361.967","1438.59"
255,0,"542.639","-351.848","1441.69"
256,0,"543.122","-341.418","1444.86"
257,0,"543.669","-330.676","1448.1"
258,0,"544.291","-319.625","1451.46"
259,0,"544.952","-308.285","1454.9"
260,0,"545.709","-296.653","1458.44"
261,0,"546.561","-284.833","1462.24"
262,0,"547.449","-272.605","1465.89"
263,0,"548.293","-260.248","1469.61"
264,0,"549.226","-247.592","1473.34"
265,0,"550.294","-234.681","1477.17"
266,0,"551.41","-221.541","1481.04"
267,0,"552.567","-208.198","1484.97"
268,0,"553.761","-194.661","1488.9"
269,0,"554.968","-180.997","1492.82"
270,0,"556.156","-167.226","1496.75"
271,0,"557.353","-153.354","1500.62"
272,0,"558.628","-139.377","1504.33"
273,0,"559.715","-125.487","1508.25"
274,0,"560.714","-111.4","1511.83"
275,0,"562.04","-97.6661","1515.49"
276,0,"563.219","-83.8264","1518.95"
277,0,"564.263","-70.0875","1522.45"
278,0,"565.725","-56.4598","1525.6"
279,0,"567.036","-42.9617","1528.8"
280,0,"568.418","-29.5923","1531.89"
281,0,"569.831","-16.3659","1534.83"
282,0,"571.257","-3.31834","1537.6"
283,0,"572.685","9.58261","1540.18"
284,0,"574.135","22.3152","1542.58"
285,0,"575.598","34.8671","1544.79"
286,0,"577.077","47.2263","1546.86"
287,0,"578.618","59.3914","1548.77"
288,0,"580.207","71.3524","1550.56"
289,0,"581.93","83.0924","1552.22"
290,0,"583.68","94.6029","1553.73"
291,0,"585.531","105.932","1555.05"
292,0,"587.206","116.847","1556.19"
293,0,"589.126","127.724","1557.05"
294,0,"591.058","138.388","1557.67"
295,0,"593.015","148.839","1558.01"
296,0,"595.009","159.074","1558.09"
297,0,"597.027","169.119","1557.91"
298,0,"599.074","178.975","1557.47"
299,0,"601.171","188.665","1556.77"
300,0,"603.336","198.176","1555.81"
301,0,"605.525","207.558","1554.55"
302,0,"607.773","216.788","1553.05"
303,0,"610.074","225.868","1551.28"
304,0,"612.444","234.792","1549.23"
305,0,"614.969","243.716","1546.87"
306,0,"617.415","252.367","1544.31"
307,0,"619.927","260.865","1541.51"
308,0,"622.454","269.223","1538.42"
309,0,"625.002","277.411","1535.06"
310,0,"627.591","285.415","1531.4"
311,0,"630.189","293.262","1527.48"
312,0,"632.78","300.955","1523.32"
313,0,"635.361","308.457","1518.92"
314,0,"637.913","315.841","1514.28"
315,0,"640.454","323.028","1509.45"
316,0,"642.959","330.1","1504.43"
317,0,"645.44","337.03","1499.26"
318,0,"647.894","343.821","1493.92"
319,0,"650.281","350.465","1488.39"
320,0,"652.614","356.997","1482.68"
321,0,"654.906","363.386","1476.8"
322,0,"657.143","369.65","1470.78"
323,0,"659.32","375.747","1464.65"
324,0,"661.445","381.669","1458.46"
325,0,"663.513","387.475","1452.19"
326,0,"665.475","393.094","1445.84"
327,0,"667.384","398.52","1439.44"
328,0,"669.221","403.794","1433.04"
329,0,"670.954","408.896","1426.65"
330,0,"672.599","413.852","1420.31"
331,0,"674.129","418.648","1414"
332,0,"675.576","423.305","1407.72"
333,0,"676.957","427.79","1401.55"
334,0,"678.257","432.137","1395.49"
335,0,"679.494","436.352","1389.61"
336,0,"680.663","440.417","1383.9"
337,0,"681.762","444.342","1378.37"
338,0,"682.794","448.115","1373.05"
339,0,"683.737","451.698","1367.99"
340,0,"684.585","455.119","1363.15"
341,0,"685.304","458.373","1358.55"
342,0,"685.956","461.398","1354.18"
343,0,"686.481","464.17","1350.08"
344,0,"686.9","466.633","1346.25"
345,0,"687.267","468.805","1342.65"
346,0,"687.535","470.654","1339.31"
347,0,"687.719","472.166","1336.27"
348,0,"687.842","473.388","1333.53"
349,0,"687.867","474.264","1331.16"
350,0,"687.854","474.807","1329.15"
351,0,"687.788","474.947","1327.52"
352,0,"687.661","474.687","1326.22"
353,0,"687.523","473.99","1325.26"
354,0,"687.355","472.882","1324.63"
355,0,"687.169","471.33","1324.31"
356,0,"686.996","469.37","1324.34"
357,0,"686.847","467.042","1324.74"
358,0,"686.743","464.325","1325.52"
359,0,"686.717","461.268","1326.7"
360,0,"686.779","457.851","1328.28"
361,0,"686.97","454.123","1330.25"
362,0,"687.22","450.119","1332.58"
363,0,"687.62","445.851","1335.27"
364,0,"688.105","441.346","1338.27"
365,0,"688.707","436.649","1341.56"
366,0,"689.429","431.739","1345.14"
367,0,"690.334","426.565","1348.96"
368,0,"691.442","421.17","1353"
369,0,"692.718","415.471","1357.21"
370,0,"694.205","409.528","1361.59"
371,0,"695.859","403.315","1366.06"
372,0,"697.678","396.85","1370.64"
373,0,"699.613","390.125","1375.26"
374,0,"701.695","383.133","1379.96"
375,0,"703.909","375.846","1384.68"
376,0,"706.211","368.283","1389.39"
377,0,"708.684","360.439","1393.99"
378,0,"711.263","352.325","1398.5"
379,0,"713.955","343.998","1402.85"
380,0,"716.776","335.498","1407.04"
381,0,"719.714","326.801","1411.06"
382,0,"722.714","317.876","1414.92"
383,0,"725.771","308.764","1418.58"
384,0,"728.775","299.416","1422.03"
385,0,"731.821","289.813","1425.26"
386,0,"734.751","279.951","1428.21"
387,0,"737.612","269.781","1430.96"
388,0,"740.313","259.358","1433.41"
389,0,"742.862","248.596","1435.6"
390,0,"745.23","237.473","1437.53"
391,0,"747.447","226.013","1439.23"
392,0,"749.619","214.124","1440.92"
393,0,"751.311","201.989","1441.98"
394,0,"753.062","189.394","1443.08"
395,0,"754.456","176.079","1444.12"
396,0,"756.038","162.672","1444.95"
397,0,"757.461","148.687","1445.7"
398,0,"758.9","134.292","1446.5"
399,0,"760.435","119.49","1447.44"
400,0,"762.137","104.334","1448.64"
401,0,"764.101","88.7752","1450.15"
402,0,"766.181","72.7923","1451.98"
403,0,"768.691","56.4887","1454.25"
404,0,"771.424","39.884","1456.89"
405,0,"774.359","22.9951","1459.91"
406,0,"777.44","5.95915","1463.38"
407,0,"780.638","-11.1181","1467.47"
408,0,"783.975","-28.1646","1472.3"
409,0,"787.473","-45.1996","1477.89"
410,0,"791.277","-62.3342","1484.37"
411,0,"795.357","-79.5391","1491.42"
412,0,"799.79","-96.9137","1499.05"
413,0,"804.505","-114.45","1507.21"
414,0,"809.553","-132.097","1515.99"
415,0,"814.906","-149.787","1525.39"
416,0,"820.541","-167.487","1535.32"
417,0,"826.418","-185.124","1545.75"
418,0,"832.552","-202.704","1556.63"
419,0,"838.903","-220.259","1567.99"
420,0,"845.498","-237.578","1579.45"
421,0,"852.403","-254.975","1591.27"
422,0,"859.683","-272.324","1603.14"
423,0,"867.453","-289.674","1614.92"
424,0,"875.789","-306.984","1626.22"
425,0,"884.818","-324.331","1637.15"
426,0,"894.283","-341.633","1647.47"
427,0,"903.954","-358.919","1657"
428,0,"913.729","-376.226","1665.69"
429,0,"923.313","-393.412","1672.99"
430,0,"932.86","-410.659","1679.26"
431,0,"942.362","-427.868","1684.49"
432,0,"951.941","-445.001","1688.87"
433,0,"961.583","-461.989","1692.43"
434,0,"971.189","-478.805","1695.31"
435,0,"980.441","-495.471","1697.54"
436,0,"989.071","-511.589","1699.09"
437,0,"996.988","-527.15","1700.19"
438,0,"1004.29","-542.107","1700.84"
439,0,"1011.21","-556.415","1701.05"
440,0,"1017.86","-570.02","1700.83"
441,0,"1024.24","-582.918","1700.25"
442,0,"1030.39","-595.136","1699.41"
443,0,"1036.97","-607.139","1698.6"
444,0,"1042.2","-618.035","1697.39"
445,0,"1047.12","-628.464","1696.16"
446,0,"1051.88","-638.859","1694.51"
447,0,"1056.07","-648.799","1692.59"
448,0,"1059.67","-658.501","1690.12"
449,0,"1062.78","-668.017","1687.11"
450,0,"1065.61","-677.361","1683.61"
451,0,"1068.32","-686.654","1679.75"
452,0,"1071.01","-695.997","1675.57"
453,0,"1073.78","-705.279","1671.08"
454,0,"1076.34","-714.931","1666.11"
455,0,"1078.69","-724.649","1660.81"
456,0,"1080.82","-734.472","1655.29"
457,0,"1082.91","-744.404","1649.72"
458,0,"1085.12","-754.534","1644.14"
459,0,"1087.51","-764.962","1638.39"
460,0,"1090.11","-775.809","1632.1"
461,0,"1092.88","-787.286","1625.01"
462,0,"1095.79","-799.624","1617.09"
463,0,"1098.6","-812.888","1608.3"
464,0,"1101.1","-827.13","1598.41"
465,0,"1103.18","-842.377","1587.22"
466,0,"1104.85","-858.486","1574.66"
467,0,"1106.23","-875.269","1560.67"
468,0,"1107.48","-892.487","1545.33"
469,0,"1108.72","-909.875","1528.73"
470,0,"1110.06","-927.186","1510.92"
471,0,"1111.48","-944.274","1491.97"
472,0,"1112.97","-961.17","1472.11"
473,0,"1114.56","-977.928","1451.83"
474,0,"1116.32","-994.505","1431.7"
475,0,"1118.43","-1010.85","1412.1"
476,0,"1121.14","-1027.24","1393.52"
477,0,"1124.51","-1043.79","1376.57"
478,0,"1128.48","-1060.08","1361.27"
479,0,"1132.92","-1075.69","1346.5"
480,0,"1137.49","-1090.62","1331.47"
481,0,"1141.86","-1105.07","1316.36"
482,0,"1146.04","-1119.11","1301.65"
483,0,"1150.3","-1132.67","1287.65"
484,0,"1154.7","-1145.73","1274.44"
485,0,"1158.98","-1158.28","1262.07"
486,0,"1163.05","-1170.22","1250.5"
487,0,"1166.78","-1181.5","1239.71"
488,0,"1170.14","-1192.2","1229.86"
489,0,"1172.96","-1202.31","1221.01"
490,0,"1175.25","-1211.91","1213.22"
491,0,"1177.12","-1220.96","1206.49"
492,0,"1178.65","-1229.56","1200.87"
493,0,"1179.93","-1237.73","1196.34"
494,0,"1180.96","-1245.48","1192.82"
495,0,"1181.8","-1252.87","1190.37"
496,0,"1182.41","-1259.97","1188.94"
497,0,"1182.82","-1266.7","1188.54"
498,0,"1183.06","-1273.04","1189.07"
499,0,"1183.27","-1279.12","1190.57"
500,0,"1183.41","-1284.83","1192.92"
501,0,"1183.42","-1290.26","1196"
502,0,"1183.3","-1295.5","1199.72"
503,0,"1182.98","-1300.56","1203.94"
504,0,"1182.38","-1305.5","1208.67"
505,0,"1181.53","-1310.32","1213.76"
506,0,"1180.51","-1315.14","1219.29"
507,0,"1178.88","-1319.14","1224.58"
508,0,"nan","nan","nan"
509,0,"nan","nan","nan"
510,0,"nan","nan","nan"
511,0,"nan","nan","nan"
512,0,"nan","nan","nan"
513,0,"1168.93","-1346.89","1268.33"
514,0,"nan","nan","nan"
515,0,"nan","nan","nan"
516,0,"nan","nan","nan"
517,0,"nan","nan","nan"
518,0,"1159.89","-1365.72","1310.05"
519,0,"1157.75","-1369.25","1318.97"
520,0,"1155.91","-1372.81","1327.6"
521,0,"1153.42","-1375.95","1336.15"
522,0,"1151.09","-1379","1344.33"
523,0,"1148.6","-1381.83","1352.29"
524,0,"1146.1","-1384.58","1360.12"
525,0,"1143.35","-1386.83","1367.41"
526,0,"1140.49","-1388.99","1374.48"
527,0,"1137.59","-1390.93","1381.02"
528,0,"1134.53","-1392.69","1387.21"
529,0,"nan","nan","nan"
530,0,"nan","nan","nan"
531,0,"nan","nan","nan"
532,0,"nan","nan","nan"
533,0,"nan","nan","nan"
534,0,"nan","nan","nan"
535,0,"nan","nan","nan"
536,0,"nan","nan","nan"
537,0,"1109.86","-1406.57","1422.86"
538,0,"1107.86","-1407.95","1424.57"
539,0,"1105.28","-1408.03","1424.88"
540,0,"1102.54","-1407.83","1424.65"
541,0,"1099.56","-1407.71","1424.29"
542,0,"1096.67","-1407.49","1423.29"
543,0,"1093.77","-1407.32","1422.02"
544,0,"1090.9","-1407.39","1420.71"
545,0,"1087.94","-1407.77","1419.7"
546,0,"1085.72","-1408.81","1418.85"
547,0,"1083.12","-1409.61","1418.19"
548,0,"1080.65","-1410.51","1417.82"
549,0,"1078.33","-1411.38","1417.71"
550,0,"1076.14","-1412.18","1417.88"
551,0,"1074.06","-1412.89","1418.42"
552,0,"1072.09","-1413.47","1419.34"
553,0,"1070.23","-1413.95","1420.63"
554,0,"1068.47","-1414.41","1422.31"
555,0,"1066.81","-1414.65","1424.17"
556,0,"1065.33","-1415.28","1426.88"
557,0,"1063.78","-1415.31","1429.36"
558,0,"1062.49","-1415.73","1432.63"
559,0,"1061.31","-1416.14","1436.26"
560,0,"1060.33","-1416.49","1440.15"
561,0,"1059.41","-1416.69","1444.27"
562,0,"1058.49","-1416.96","1448.84"
563,0,"1057.74","-1416.79","1453.09"
564,0,"1057.09","-1416.44","1457.29"
565,0,"1056.56","-1415.91","1461.38"
566,0,"1056.13","-1415.21","1465.33"
567,0,"1055.84","-1414.36","1469.15"
568,0,"1055.66","-1413.36","1472.81"
569,0,"1055.59","-1412.22","1476.32"
570,0,"1055.66","-1410.92","1479.71"
571,0,"1055.83","-1409.47","1482.97"
572,0,"1056.14","-1407.86","1486.11"
573,0,"1056.55","-1406.08","1489.11"
574,0,"1057.06","-1404.21","1491.98"
575,0,"1057.66","-1402.17","1494.65"
576,0,"1058.37","-1400.05","1497.12"
577,0,"1059.13","-1397.84","1499.35"
578,0,"1059.98","-1395.53","1501.29"
579,0,"1060.89","-1393.16","1502.94"
580,0,"1061.83","-1390.69","1504.25"
581,0,"1062.81","-1388.13","1505.26"
582,0,"1063.78","-1385.47","1505.93"
583,0,"1064.75","-1382.67","1506.28"
584,0,"1065.68","-1379.7","1506.31"
585,0,"1066.61","-1376.55","1505.98"
586,0,"1067.5","-1373.21","1505.3"
587,0,"1068.36","-1369.74","1504.28"
588,0,"1069.21","-1366.15","1502.96"
589,0,"1070.04","-1362.54","1501.45"
590,0,"1070.88","-1358.98","1499.86"
591,0,"1071.77","-1355.55","1498.34"
592,0,"1072.8","-1352.62","1497.29"
593,0,"1073.75","-1349.58","1496.37"
594,0,"1074.69","-1346.67","1495.78"
595,0,"1075.63","-1343.92","1495.57"
596,0,"1076.57","-1341.33","1495.78"
597,0,"1077.52","-1338.89","1496.43"
598,0,"1078.47","-1336.53","1497.44"
599,0,"1079.45","-1334.24","1498.77"
600,0,"1080.52","-1332.01","1500.43"
601,0,"1081.66","-1329.84","1502.38"
602,0,"1082.92","-1327.72","1504.6"
603,0,"1084.31","-1325.69","1507.07"
604,0,"1085.8","-1323.66","1509.68"
605,0,"1087.39","-1321.7","1512.43"
606,0,"1089.11","-1319.72","1515.25"
607,0,"1090.9","-1317.74","1518.13"
608,0,"1092.77","-1315.77","1521.05"
609,0,"1094.7","-1313.75","1523.93"
610,0,"1096.71","-1311.73","1526.77"
611,0,"1098.76","-1309.7","1529.51"
612,0,"1100.91","-1307.66","1532.12"
613,0,"1103.1","-1305.61","1534.57"
614,0,"1105.36","-1303.58","1536.83"
615,0,"1107.69","-1301.57","1538.89"
616,0,"1110.06","-1299.6","1540.75"
617,0,"1112.48","-1297.64","1542.42"
618,0,"1114.94","-1295.73","1543.92"
619,0,"1117.42","-1293.86","1545.28"
620,0,"1119.94","-1292.03","1546.54"
621,0,"1122.49","-1290.24","1547.73"
622,0,"1125.03","-1288.51","1548.84"
623,0,"1127.59","-1286.83","1549.88"
624,0,"1130.17","-1285.22","1550.85"
625,0,"1132.76","-1283.67","1551.69"
626,0,"1135.36","-1282.19","1552.4"
627,0,"1137.99","-1280.81","1553.01"
628,0,"1140.62","-1279.48","1553.49"
629,0,"1143.28","-1278.24","1553.91"
630,0,"1145.95","-1277.07","1554.3"
631,0,"1148.63","-1275.96","1554.68"
632,0,"1151.33","-1274.94","1555.08"
633,0,"1154.03","-1273.98","1555.53"
634,0,"1156.71","-1273.07","1556"
635,0,"1159.4","-1272.23","1556.48"
636,0,"1162.07","-1271.44","1556.92"
637,0,"1164.74","-1270.7","1557.3"
638,0,"1167.39","-1270.01","1557.56"
639,0,"1170.05","-1269.38","1557.71"
640,0,"1172.7","-1268.79","1557.74"
641,0,"1175.33","-1268.25","1557.67"
642,0,"1177.93","-1267.72","1557.53"
643,0,"1180.49","-1267.25","1557.35"
644,0,"1182.99","-1266.77","1557.13"
645,0,"1185.42","-1266.3","1556.94"
646,0,"1187.78","-1265.85","1556.77"
647,0,"1190.06","-1265.41","1556.67"
648,0,"1192.28","-1264.96","1556.63"
649,0,"1194.42","-1264.53","1556.69"
650,0,"1196.5","-1264.08","1556.79"
651,0,"1198.54","-1263.65","1556.96"
652,0,"1200.53","-1263.21","1557.14"
653,0,"1202.48","-1262.77","1557.36"
654,0,"1204.39","-1262.33","1557.61"
655,0,"1206.27","-1261.9","1557.88"
656,0,"1208.09","-1261.45","1558.15"
657,0,"1209.86","-1261.02","1558.45"
658,0,"1211.56","-1260.6","1558.76"
659,0,"1213.22","-1260.19","1559.1"
660,0,"1214.8","-1259.8","1559.43"
661,0,"1216.34","-1259.44","1559.77"
662,0,"1217.83","-1259.09","1560.07"
663,0,"1219.28","-1258.75","1560.34"
664,0,"1220.69","-1258.43","1560.56"
665,0,"1222.08","-1258.13","1560.73"
666,0,"1223.39","-1257.81","1560.82"
667,0,"1224.63","-1257.49","1560.89"
668,0,"1225.79","-1257.14","1560.95"
669,0,"1226.86","-1256.79","1561.02"
670,0,"1227.83","-1256.45","1561.14"
671,0,"1228.68","-1256.05","1561.31"
672,0,"1229.32","-1255.7","1561.4"
673,0,"1229.9","-1255.24","1561.62"
674,0,"1230.35","-1254.75","1561.87"
675,0,"1230.62","-1254.2","1562.13"
676,0,"1230.78","-1253.76","1562.51"
677,0,"1230.78","-1253.12","1562.85"
678,0,"1230.6","-1252.34","1563.13"
679,0,"1230.28","-1251.48","1563.43"
680,0,"1229.79","-1250.49","1563.75"
681,0,"1229.17","-1249.37","1564.11"
682,0,"1228.36","-1248.11","1564.49"
683,0,"1227.43","-1246.66","1564.89"
684,0,"1226.37","-1244.98","1565.29"
685,0,"1225.4","-1243.5","1565.85"
686,0,"1224.37","-1241.92","1566.43"
687,0,"1223.27","-1240.25","1566.99"
688,0,"1222.09","-1238.49","1567.53"
689,0,"1220.89","-1236.6","1568.07"
690,0,"1219.61","-1234.61","1568.55"
691,0,"1218.26","-1232.5","1568.99"
692,0,"1216.85","-1230.28","1569.41"
693,0,"1215.34","-1227.94","1569.8"
694,0,"1213.74","-1225.52","1570.17"
695,0,"1212.03","-1223","1570.52"
696,0,"1210.23","-1220.41","1570.84"
697,0,"1208.31","-1217.73","1571.15"
698,0,"1206.29","-1214.97","1571.41"
699,0,"1204.15","-1212.14","1571.63"
700,0,"1201.89","-1209.27","1571.8"
701,0,"1199.5","-1206.35","1571.88"
702,0,"1196.95","-1203.39","1571.88"
703,0,"1194.25","-1200.43","1571.8"
704,0,"1191.35","-1197.47","1571.6"
705,0,"1188.28","-1194.52","1571.3"
706,0,"1185","-1191.6","1570.86"
707,0,"1181.55","-1188.71","1570.31"
708,0,"1177.92","-1185.86","1569.61"
709,0,"1174.11","-1183.06","1568.74"
710,0,"1170.1","-1180.3","1567.71"
711,0,"1165.89","-1177.58","1566.52"
712,0,"1161.45","-1174.9","1565.17"
713,0,"1156.76","-1172.26","1563.64"
714,0,"1151.84","-1169.63","1561.9"
715,0,"1146.69","-1167.02","1559.95"
716,0,"1141.3","-1164.44","1557.79"
717,0,"1135.71","-1161.87","1555.36"
718,0,"1129.91","-1159.31","1552.68"
719,0,"1123.9","-1156.76","1549.75"
720,0,"1117.67","-1154.22","1546.57"
721,0,"1111.25","-1151.65","1543.16"
722,0,"1104.63","-1149.06","1539.49"
723,0,"1097.82","-1146.45","1535.54"
724,0,"1090.84","-1143.79","1531.3"
725,0,"1083.71","-1141.08","1526.82"
726,0,"1076.44","-1138.3","1522.07"
727,0,"1069.05","-1135.46","1517.1"
728,0,"1061.53","-1132.5","1511.91"
729,0,"1053.93","-1129.45","1506.56"
730,0,"1046.22","-1126.28","1501.09"
731,0,"1038.42","-1122.99","1495.58"
732,0,"1030.53","-1119.58","1490.13"
733,0,"1022.58","-1116.13","1484.82"
734,0,"1014.57","-1112.59","1479.73"
735,0,"1006.53","-1109.07","1474.88"
736,0,"998.506","-1105.56","1470.31"
737,0,"990.517","-1102.07","1465.97"
738,0,"982.594","-1098.62","1461.81"
739,0,"974.743","-1095.15","1457.87"
740,0,"966.998","-1091.7","1454.18"
741,0,"959.348","-1088.23","1450.72"
742,0,"951.724","-1084.78","1447.47"
743,0,"944.383","-1081.31","1444.58"
744,0,"937.198","-1077.82","1441.95"
745,0,"930.166","-1074.35","1439.53"
746,0,"923.294","-1070.86","1437.3"
747,0,"916.562","-1067.39","1435.28"
748,0,"909.984","-1063.92","1433.41"
