Frame,Sub Frame,"Reconstruction Position - Unlabeled Track (726)",,
,,"TX","TY","TZ"
Frames,Frames,"mm","mm","mm"
1,0,"435.945","155.041","85.6194"
2,0,"435.925","155.033","85.6087"
3,0,"435.908","155.002","85.5916"
4,0,"435.895","155","85.5786"
5,0,"435.885","155.006","85.5633"
6,0,"435.863","155.007","85.5598"
7,0,"435.849","155.02","85.5487"
8,0,"435.822","155.027","85.5465"
9,0,"435.794","155.034","85.539"
10,0,"435.778","155.033","85.5414"
11,0,"435.756","155.025","85.5345"
12,0,"435.736","155.026","85.5179"
13,0,"435.72","155.029","85.5037"
14,0,"435.699","155.014","85.4953"
15,0,"435.681","155.016","85.4801"
16,0,"435.667","155.021","85.4698"
17,0,"435.653","155.021","85.4534"
18,0,"435.64","155.023","85.4476"
19,0,"435.634","155.039","85.4301"
20,0,"435.613","155.043","85.4226"
21,0,"435.589","155.059","85.4236"
22,0,"435.563","155.067","85.4207"
23,0,"435.529","155.063","85.4116"
24,0,"435.504","155.064","85.4066"
25,0,"435.489","155.089","85.4029"
26,0,"435.467","155.088","85.3785"
27,0,"435.447","155.084","85.3388"
28,0,"435.409","155.091","85.3113"
29,0,"435.385","155.094","85.2872"
30,0,"435.357","155.09","85.2788"
31,0,"435.343","155.077","85.2817"
32,0,"435.345","155.058","85.2979"
33,0,"435.345","155.063","85.3287"
34,0,"435.33","155.052","85.3413"
35,0,"435.313","155.032","85.365"
36,0,"435.292","155.011","85.3658"
37,0,"435.283","154.993","85.3625"
38,0,"435.283","154.966","85.351"
39,0,"435.29","154.945","85.3451"
40,0,"435.298","154.917","85.3482"
41,0,"435.3","154.894","85.3442"
42,0,"435.307","154.885","85.3455"
43,0,"435.314","154.87","85.3586"
44,0,"435.303","154.849","85.3789"
45,0,"435.309","154.836","85.3995"
46,0,"435.306","154.818","85.4234"
47,0,"435.307","154.787","85.4463"
48,0,"435.324","154.756","85.4745"
49,0,"435.336","154.728","85.4991"
50,0,"435.359","154.699","85.5076"
51,0,"435.384","154.662","85.5175"
52,0,"435.409","154.622","85.5451"
53,0,"435.439","154.595","85.5729"
54,0,"435.477","154.58","85.5967"
55,0,"435.504","154.57","85.6249"
56,0,"435.512","154.562","85.6588"
57,0,"435.522","154.557","85.6785"
58,0,"435.528","154.563","85.6999"
59,0,"435.518","154.556","85.7239"
60,0,"435.512","154.541","85.735"
61,0,"435.511","154.541","85.7495"
62,0,"435.503","154.532","85.7669"
63,0,"435.512","154.528","85.7645"
64,0,"435.509","154.517","85.7572"
65,0,"435.515","154.515","85.7369"
66,0,"435.533","154.515","85.7145"
67,0,"435.539","154.531","85.69"
68,0,"435.535","154.557","85.6836"
69,0,"435.541","154.628","85.6724"
70,0,"435.549","154.716","85.6546"
71,0,"435.567","154.833","85.6125"
72,0,"435.604","154.883","85.6055"
73,0,"435.649","154.805","85.6446"
74,0,"435.748","154.707","85.6719"
75,0,"435.839","154.61","85.6778"
76,0,"435.859","154.475","85.7118"
77,0,"435.871","154.308","85.7457"
78,0,"435.853","154.034","85.8888"
79,0,"435.811","153.896","85.9838"
80,0,"435.793","153.9","85.9855"
81,0,"435.721","153.848","85.9818"
82,0,"435.642","153.816","85.9275"
83,0,"435.563","153.735","85.9179"
84,0,"435.47","153.67","85.8983"
85,0,"435.394","153.638","85.8152"
86,0,"435.302","153.495","85.781"
87,0,"435.204","153.425","85.676"
88,0,"435.106","153.336","85.5734"
89,0,"435.006","153.253","85.4659"
90,0,"434.881","153.157","85.367"
91,0,"434.75","153.005","85.2624"
92,0,"434.596","152.835","85.1384"
93,0,"434.391","152.695","84.9715"
94,0,"434.171","152.571","84.7855"
95,0,"433.933","152.398","84.6003"
96,0,"433.713","152.373","84.3746"
97,0,"433.494","152.439","84.165"
98,0,"433.251","152.648","83.8569"
99,0,"432.919","152.663","83.5876"
100,0,"432.677","152.454","83.418"
101,0,"432.413","152.471","83.1984"
102,0,"432.059","152.979","82.8076"
103,0,"431.766","153.109","82.5797"
104,0,"431.57","152.966","82.4449"
105,0,"431.313","153.335","82.1045"
106,0,"430.91","153.652","81.7882"
107,0,"430.578","153.915","81.5259"
108,0,"430.37","154.181","81.233"
109,0,"430.256","154.496","80.9418"
110,0,"430.022","154.673","80.7198"
111,0,"429.856","154.859","80.5373"
112,0,"429.67","154.996","80.3857"
113,0,"429.577","155.143","80.2724"
114,0,"429.516","155.259","80.1978"
115,0,"429.491","155.336","80.1468"
116,0,"429.497","155.369","80.1354"
117,0,"429.49","155.338","80.1118"
118,0,"429.48","155.338","80.0941"
119,0,"429.499","155.398","80.0903"
120,0,"429.503","155.438","80.1014"
121,0,"429.531","155.472","80.0973"
122,0,"429.555","155.494","80.1113"
123,0,"429.567","155.533","80.1022"
124,0,"429.574","155.581","80.0863"
125,0,"429.604","155.68","80.077"
126,0,"429.611","155.774","80.0755"
127,0,"429.625","155.894","80.0944"
128,0,"429.661","156.006","80.1099"
129,0,"429.681","156.103","80.149"
130,0,"429.702","156.22","80.1924"
131,0,"429.751","156.35","80.2158"
132,0,"429.827","156.525","80.2309"
133,0,"429.88","156.642","80.238"
134,0,"429.94","156.75","80.2158"
135,0,"430.006","156.876","80.1825"
136,0,"430.072","157.043","80.1497"
137,0,"430.135","157.149","80.1141"
138,0,"430.203","157.332","80.069"
139,0,"430.293","157.508","80.089"
140,0,"430.332","157.7","80.0622"
141,0,"430.405","157.844","80.0906"
142,0,"430.464","158.036","80.076"
143,0,"430.563","158.181","80.0702"
144,0,"430.714","158.358","80.0782"
145,0,"430.812","158.564","80.062"
146,0,"430.975","158.664","80.0715"
147,0,"431.13","158.757","80.1156"
148,0,"431.26","158.879","80.1441"
149,0,"431.412","158.956","80.2033"
150,0,"431.578","159.131","80.2138"
151,0,"431.723","159.231","80.2536"
152,0,"430.866","160.449","81.2534"
153,0,"431.874","159.792","80.615"
154,0,"431.913","159.875","80.6026"
155,0,"431.034","160.43","80.8307"
156,0,"432.446","160.378","81.1395"
157,0,"432.551","160.217","80.9933"
158,0,"432.707","160.1","81.2436"
159,0,"432.955","159.878","81.4919"
160,0,"433.249","159.648","81.8361"
161,0,"433.49","159.345","82.1745"
162,0,"433.636","158.642","82.6717"
163,0,"433.959","158.484","83.1981"
164,0,"434.221","157.81","83.8225"
165,0,"434.569","157.737","84.134"
166,0,"435.174","158.577","84.5405"
167,0,"435.368","157.443","85.154"
168,0,"435.939","157.205","86.0929"
169,0,"436.364","157.563","86.6455"
170,0,"436.622","157.801","87.1067"
171,0,"436.68","157.813","87.5621"
172,0,"437.185","158.331","88.1695"
173,0,"437.798","158.911","88.6813"
174,0,"438.915","159.811","89.2617"
175,0,"440.619","161.336","89.817"
176,0,"442.872","163.124","90.4831"
177,0,"445.636","165.381","91.1446"
178,0,"448.839","167.878","92.0607"
179,0,"452.358","170.779","93.0545"
180,0,"456.144","173.949","94.1746"
181,0,"460.098","177.337","95.3654"
182,0,"464.27","180.92","96.7533"
183,0,"468.586","184.582","98.2176"
184,0,"472.901","188.205","99.8169"
185,0,"477.275","191.883","101.504"
186,0,"481.651","195.61","103.138"
187,0,"486.039","199.379","104.802"
188,0,"490.471","203.169","106.403"
189,0,"494.875","206.959","108.018"
190,0,"499.37","210.822","109.644"
191,0,"503.841","214.638","111.277"
192,0,"508.5","218.647","112.879"
193,0,"513.134","222.587","114.451"
194,0,"517.934","226.608","116.069"
195,0,"522.721","230.493","117.755"
196,0,"527.75","234.487","119.43"
197,0,"532.887","238.539","121.166"
198,0,"538.055","242.501","122.939"
199,0,"543.356","246.531","124.744"
200,0,"548.698","250.599","126.58"
201,0,"554.006","254.565","128.378"
202,0,"559.265","258.427","130.18"
203,0,"564.611","262.425","131.99"
204,0,"569.587","266.131","133.696"
205,0,"574.684","269.928","135.414"
206,0,"579.642","273.699","137.153"
207,0,"584.504","277.424","138.869"
208,0,"589.145","281.016","140.517"
209,0,"593.89","284.652","142.148"
210,0,"598.391","288.286","143.708"
211,0,"602.999","291.884","145.317"
212,0,"607.381","295.448","146.858"
213,0,"611.634","299.082","148.305"
214,0,"615.797","302.701","149.702"
215,0,"619.273","306.249","150.785"
216,0,"624.186","309.914","152.411"
217,0,"628.125","313.57","153.622"
218,0,"631.876","317.068","154.785"
219,0,"635.44","320.447","155.822"
220,0,"639.024","323.884","156.834"
221,0,"642.388","327.217","157.78"
222,0,"645.663","330.554","158.623"
223,0,"648.695","333.809","159.403"
224,0,"651.577","336.99","159.994"
225,0,"654.193","340.033","160.512"
226,0,"656.57","343.027","160.893"
227,0,"659.965","346.879","161.853"
228,0,"662.266","350.119","162.379"
229,0,"663.066","352.255","161.412"
230,0,"664.861","354.95","161.363"
231,0,"666.464","357.894","161.195"
232,0,"667.679","360.433","160.615"
233,0,"669.032","363.029","160.082"
234,0,"670.239","365.561","159.535"
235,0,"671.294","368.079","158.81"
236,0,"672.197","370.499","158.014"
237,0,"672.996","372.893","157.083"
238,0,"673.682","375.252","156.084"
239,0,"674.275","377.618","154.961"
240,0,"674.782","379.955","153.786"
241,0,"675.222","382.317","152.511"
242,0,"675.537","384.643","151.129"
243,0,"675.774","386.994","149.627"
244,0,"675.889","389.266","148.09"
245,0,"676.008","391.515","146.434"
246,0,"676.053","393.726","144.684"
247,0,"676.095","395.85","142.831"
248,0,"676.042","397.933","140.918"
249,0,"675.82","399.924","138.783"
250,0,"675.527","401.89","136.563"
251,0,"675.047","403.759","134.176"
252,0,"674.663","405.651","131.725"
253,0,"674.425","407.446","129.271"
254,0,"674.127","409.159","126.826"
255,0,"673.89","411.066","124.133"
256,0,"674.664","413.063","121.31"
257,0,"676.55","414.896","118.882"
258,0,"678.876","416.435","116.856"
259,0,"680.999","417.838","114.891"
260,0,"682.778","419.073","112.922"
261,0,"683.949","420.121","110.779"
262,0,"684.545","421.103","108.629"
263,0,"684.799","421.943","106.355"
264,0,"685.204","422.618","104.277"
265,0,"685.87","423.087","102.348"
266,0,"686.447","423.481","100.577"
267,0,"686.917","423.657","98.8985"
268,0,"687.495","423.722","97.2138"
269,0,"687.967","423.746","95.6367"
270,0,"688.372","423.978","94.1399"
271,0,"688.816","424.497","92.6592"
272,0,"689.214","425.06","91.3175"
273,0,"689.59","425.869","89.8563"
274,0,"690.016","426.846","88.4891"
275,0,"690.421","427.756","87.3934"
276,0,"690.637","428.345","86.6816"
277,0,"690.697","428.726","86.3039"
278,0,"690.417","428.951","86.1809"
279,0,"689.873","429.109","86.1195"
280,0,"689.312","429.191","86.1871"
281,0,"688.936","429.312","86.2624"
282,0,"688.658","429.429","86.315"
283,0,"688.431","429.548","86.2605"
284,0,"688.297","429.706","86.1423"
285,0,"688.315","429.949","85.9796"
286,0,"688.436","430.191","85.7883"
287,0,"688.371","430.36","85.4833"
288,0,"688.383","430.544","85.1975"
289,0,"688.401","430.706","84.9502"
290,0,"688.581","430.893","84.6898"
291,0,"688.749","431.064","84.4939"
292,0,"688.777","431.194","84.3461"
293,0,"688.773","431.298","84.255"
294,0,"688.746","431.429","84.201"
295,0,"688.641","431.548","84.1134"
296,0,"688.492","431.693","84.0583"
297,0,"688.332","431.833","84.0141"
298,0,"688.127","432.003","83.9246"
299,0,"688.024","432.181","83.7765"
300,0,"687.983","432.355","83.5621"
301,0,"687.912","432.481","83.3699"
302,0,"687.984","432.637","83.2008"
303,0,"688.097","432.792","82.9927"
304,0,"688.044","432.822","82.688"
305,0,"688.14","432.884","82.4091"
306,0,"688.308","433.015","82.1861"
307,0,"688.343","433.144","81.9327"
308,0,"688.3","433.258","81.722"
309,0,"688.285","433.391","81.5189"
310,0,"688.233","433.493","81.3864"
311,0,"688.13","433.569","81.24"
312,0,"687.944","433.625","80.9488"
313,0,"687.77","433.602","80.7447"
314,0,"687.646","433.564","80.5508"
315,0,"687.598","433.522","80.3782"
316,0,"687.5","433.419","80.3035"
317,0,"687.222","433.236","80.2456"
318,0,"686.989","433.055","80.1705"
319,0,"686.716","432.857","80.0917"
320,0,"686.521","432.676","79.9239"
321,0,"686.377","432.539","79.8007"
322,0,"685.987","432.39","79.6469"
323,0,"685.604","432.238","79.5236"
324,0,"685.243","432.161","79.3577"
325,0,"684.866","432.038","79.1326"
326,0,"684.565","431.91","78.9617"
327,0,"684.392","431.834","78.8479"
328,0,"683.836","431.183","78.4508"
329,0,"683.524","431.071","78.4071"
330,0,"683.201","430.959","78.4341"
331,0,"682.782","430.732","78.49"
332,0,"682.492","430.552","78.5469"
333,0,"682.241","430.452","78.6296"
334,0,"681.914","430.248","78.6904"
335,0,"681.642","430.035","78.692"
336,0,"681.48","429.812","78.6391"
337,0,"681.299","429.487","78.642"
338,0,"681.225","429.224","78.7027"
339,0,"681.003","428.915","78.8683"
340,0,"680.701","428.56","79.0572"
341,0,"680.483","428.252","79.2214"
342,0,"680.201","427.801","79.3504"
343,0,"680.099","427.558","79.4429"
344,0,"679.998","427.478","79.4855"
345,0,"679.843","427.324","79.5998"
346,0,"679.737","427.145","79.7323"
347,0,"679.475","426.724","79.8537"
348,0,"679.39","426.364","79.951"
349,0,"679.364","426.109","80.0132"
350,0,"679.322","425.893","80.0408"
351,0,"679.292","425.795","80.0497"
352,0,"679.284","425.77","80.0278"
353,0,"679.274","425.756","80.0157"
354,0,"679.194","425.668","80.0425"
355,0,"679.209","425.625","80.0661"
356,0,"679.239","425.603","80.0827"
357,0,"679.278","425.634","80.0857"
358,0,"679.341","425.697","80.0793"
359,0,"679.493","425.797","80.0608"
360,0,"679.539","425.826","80.0805"
361,0,"679.604","425.854","80.1381"
362,0,"679.627","425.834","80.2155"
363,0,"679.653","425.802","80.2989"
364,0,"679.675","425.766","80.3721"
365,0,"679.701","425.776","80.4496"
366,0,"679.705","425.793","80.5562"
367,0,"679.702","425.792","80.6881"
368,0,"679.731","425.779","80.8069"
369,0,"679.789","425.805","80.8583"
370,0,"679.9","425.852","80.9229"
371,0,"679.954","425.864","81.0465"
372,0,"680","425.863","81.2213"
373,0,"680.036","425.858","81.4203"
374,0,"680.319","426.294","81.9453"
375,0,"680.392","426.216","82.1921"
376,0,"680.527","426.131","82.5163"
377,0,"680.653","426.059","82.8881"
378,0,"680.689","425.956","83.2296"
379,0,"680.789","425.905","83.5453"
380,0,"680.794","425.819","83.818"
381,0,"680.817","425.779","84.1174"
382,0,"680.87","425.845","84.4067"
383,0,"680.865","425.901","84.6817"
384,0,"680.905","425.946","84.9204"
385,0,"681.05","425.955","85.1225"
386,0,"681.217","425.849","85.2898"
387,0,"681.335","425.682","85.3932"
388,0,"681.405","425.465","85.5097"
389,0,"681.437","425.23","85.7193"
390,0,"681.478","425.034","85.8802"
391,0,"681.603","424.911","86.0155"
392,0,"681.765","424.827","86.0686"
393,0,"681.937","424.774","85.9943"
394,0,"682.227","424.727","85.7355"
395,0,"682.721","424.634","85.3423"
396,0,"683.33","424.44","84.9533"
397,0,"683.877","424.257","84.5919"
398,0,"684.299","424.202","84.5419"
399,0,"684.565","424.117","84.6817"
400,0,"684.675","423.836","84.9705"
401,0,"684.517","423.344","85.4738"
402,0,"684.456","422.944","86.3641"
403,0,"684.057","422.451","87.5887"
404,0,"683.225","421.817","89.2716"
405,0,"682.47","421.219","91.3473"
406,0,"681.674","420.749","93.7824"
407,0,"680.739","420.62","96.7232"
408,0,"679.657","420.916","99.805"
409,0,"678.538","420.92","104.633"
410,0,"676.628","420.638","110.723"
411,0,"674.066","419.481","118.309"
412,0,"669.829","416.965","126.958"
413,0,"663.82","412.931","136.646"
414,0,"656.01","407.339","147.555"
415,0,"645.493","399.894","159.073"
416,0,"633.835","389.762","170.646"
417,0,"623.071","376.783","183.376"
418,0,"612.402","361.082","196.121"
419,0,"604.522","344.64","208.022"
420,0,"599.713","328.134","219.19"
421,0,"596.48","308.807","228.481"
422,0,"596.448","287.221","236.862"
423,0,"599.003","267.013","247.02"
424,0,"603.881","247.954","258.082"
425,0,"610.962","229.039","269.251"
426,0,"618.77","211.113","280.843"
427,0,"626.017","193.522","292.054"
428,0,"632.953","174.546","301.203"
429,0,"638.037","154.121","308.39"
430,0,"641.178","132.44","313.179"
431,0,"642.776","108.04","314.657"
432,0,"642.972","82.263","314.803"
433,0,"642.986","54.6428","313.745"
434,0,"645.071","25.0393","310.509"
435,0,"647.203","-5.50712","307.798"
436,0,"650.566","-36.7612","305.166"
437,0,"654.947","-68.0827","302.845"
438,0,"660.169","-98.9164","301.052"
439,0,"666.24","-129.338","299.215"
440,0,"672.151","-158.762","298.317"
441,0,"677.983","-187.702","297.471"
442,0,"683.577","-216.456","296.348"
443,0,"688.973","-245.239","294.948"
444,0,"694.151","-274.243","293.225"
445,0,"699.189","-303.46","291.298"
446,0,"704.091","-332.756","289.125"
447,0,"708.962","-361.981","286.746"
448,0,"713.795","-391.101","284.287"
449,0,"718.671","-420.201","281.743"
450,0,"723.553","-448.979","278.95"
451,0,"728.503","-477.536","276.029"
452,0,"733.538","-505.951","272.876"
453,0,"738.71","-534.192","269.187"
454,0,"744.048","-562.487","265.071"
455,0,"749.711","-590.909","260.601"
456,0,"755.611","-619.236","255.704"
457,0,"761.766","-647.367","250.501"
458,0,"768.185","-675.29","244.985"
459,0,"775.104","-702.877","239.16"
460,0,"782.606","-729.888","232.899"
461,0,"790.791","-756.164","226.203"
462,0,"799.564","-781.576","219.002"
463,0,"808.874","-806.235","210.931"
464,0,"818.477","-829.87","202.182"
465,0,"828.168","-852.12","192.513"
466,0,"837.953","-872.608","182.053"
467,0,"847.63","-890.96","170.218"
468,0,"856.953","-907.623","157.638"
469,0,"865.89","-922.48","143.738"
470,0,"874.556","-935.875","128.966"
471,0,"879.294","-941.379","114.466"
472,0,"874.949","-936.145","100.375"
473,0,"869.481","-929.613","87.6127"
474,0,"867.757","-924.358","78.4076"
475,0,"872.161","-924.358","72.6019"
476,0,"876.557","-926.642","73.9298"
477,0,"878.299","-929.786","78.8976"
478,0,"878.163","-934.24","82.1425"
479,0,"879.143","-938.064","83.6516"
480,0,"879.959","-939.371","84.1248"
481,0,"868.315","-928.05","90.7322"
482,0,"867.835","-928.573","90.8187"
483,0,"866.888","-930.162","90.612"
484,0,"865.999","-931.111","90.1785"
485,0,"865.334","-931.295","89.9566"
486,0,"864.602","-931.631","89.9284"
487,0,"863.996","-932.373","89.9052"
488,0,"863.482","-932.996","89.7739"
489,0,"863.082","-933.29","89.7792"
490,0,"862.815","-933.491","89.967"
491,0,"862.664","-934.007","90.265"
492,0,"862.45","-934.721","90.618"
493,0,"862.062","-935.31","90.991"
494,0,"861.81","-935.799","91.1931"
495,0,"861.824","-936.236","91.2347"
496,0,"861.834","-936.425","91.2022"
497,0,"861.875","-936.53","91.1741"
498,0,"861.849","-936.784","91.1833"
499,0,"861.672","-937.242","91.2465"
500,0,"861.37","-937.732","91.228"
501,0,"861.091","-938.064","91.16"
502,0,"860.98","-938.081","91.1225"
503,0,"860.974","-937.902","91.2383"
504,0,"860.974","-937.682","91.3641"
505,0,"860.941","-937.424","91.4967"
506,0,"860.907","-937.144","91.5052"
507,0,"860.945","-936.721","91.4463"
508,0,"861.021","-936.246","91.3627"
509,0,"861.019","-935.854","91.137"
510,0,"860.918","-935.546","90.9594"
511,0,"860.674","-935.31","90.6987"
512,0,"860.401","-935.143","90.6366"
513,0,"859.956","-935.106","90.827"
514,0,"859.466","-935.293","91.2586"
515,0,"858.762","-935.699","91.8221"
516,0,"857.597","-936.371","92.6581"
517,0,"856.344","-937.587","94.3718"
518,0,"854.97","-939.534","96.759"
519,0,"853.611","-941.955","99.7554"
520,0,"852.123","-944.95","103.809"
521,0,"850.689","-948.472","108.561"
522,0,"849.188","-952.711","113.837"
523,0,"848.007","-957.685","119.272"
524,0,"847.017","-963.521","124.959"
525,0,"846.227","-970.093","130.242"
526,0,"845.512","-977.434","135.563"
527,0,"844.845","-985.418","140.465"
528,0,"843.862","-993.364","144.163"
529,0,"842.136","-1000.62","145.806"
530,0,"840.12","-1008","146.94"
531,0,"838.866","-1016.17","146.73"
532,0,"838.857","-1025.69","145.005"
533,0,"839.448","-1036.1","141.754"
534,0,"839.773","-1046.99","136.577"
535,0,"839.899","-1058.83","129.857"
536,0,"840.225","-1070.96","122.197"
537,0,"840.692","-1082.84","114.374"
538,0,"841.418","-1091.71","109.628"
539,0,"840.403","-1095.4","105.399"
540,0,"837.359","-1093.34","101.321"
541,0,"833.322","-1087.95","98.0867"
542,0,"832.932","-1084.37","94.6696"
543,0,"836.543","-1085.09","92.4603"
544,0,"841.017","-1087.11","92.5066"
545,0,"842.14","-1086.43","92.1756"
546,0,"841.582","-1086.14","91.2802"
547,0,"841.123","-1087.39","91.099"
548,0,"840.99","-1088.83","91.4158"
549,0,"840.894","-1089.83","92.0351"
550,0,"840.488","-1090.3","92.3077"
551,0,"840.142","-1090.58","92.4342"
552,0,"839.97","-1090.83","92.4807"
553,0,"840.055","-1090.98","92.4464"
554,0,"840.248","-1090.91","92.4007"
555,0,"840.344","-1090.66","92.3878"
556,0,"840.39","-1090.4","92.4231"
557,0,"840.529","-1090.15","92.517"
558,0,"840.687","-1089.73","92.6817"
559,0,"840.949","-1089.05","93.0161"
560,0,"841.315","-1088.38","93.6956"
561,0,"841.685","-1087.74","94.5319"
562,0,"842.119","-1087.1","95.3908"
563,0,"842.63","-1086.58","96.4644"
564,0,"843.121","-1086.29","97.5337"
565,0,"843.454","-1085.95","98.4457"
566,0,"843.99","-1085.72","99.4298"
567,0,"844.29","-1085.49","100.205"
568,0,"844.668","-1085.22","101.007"
569,0,"844.888","-1084.97","101.803"
570,0,"845.115","-1084.71","102.52"
571,0,"845.483","-1084.4","103.256"
572,0,"845.875","-1083.96","103.864"
573,0,"846.326","-1083.47","104.275"
574,0,"846.955","-1082.94","104.886"
575,0,"847.787","-1082.31","105.258"
576,0,"848.558","-1081.62","105.574"
577,0,"849.508","-1080.94","105.759"
578,0,"850.443","-1080.23","105.853"
579,0,"851.399","-1079.52","105.65"
580,0,"852.249","-1078.86","105.416"
581,0,"852.974","-1078.2","104.768"
582,0,"853.642","-1077.34","103.857"
583,0,"854.375","-1076.3","102.858"
584,0,"855.202","-1075.15","101.464"
585,0,"856.109","-1073.91","99.9979"
586,0,"856.871","-1072.78","98.2451"
587,0,"857.498","-1071.91","96.3964"
588,0,"857.55","-1071.2","94.2167"
589,0,"857.019","-1070.56","92.0819"
590,0,"856.27","-1070.12","90.4091"
591,0,"855.935","-1069.92","89.5073"
592,0,"855.96","-1070.2","89.089"
593,0,"856.438","-1070.95","88.9519"
594,0,"856.831","-1071.85","89.0972"
595,0,"857.003","-1072.61","89.2942"
596,0,"857.008","-1073.11","89.363"
597,0,"857.004","-1073.26","89.4465"
598,0,"856.961","-1073.18","89.5948"
599,0,"856.9","-1073.01","89.717"
600,0,"856.894","-1072.83","89.7944"
601,0,"856.895","-1072.6","89.8103"
602,0,"856.949","-1072.28","89.9494"
603,0,"857.022","-1071.9","90.1261"
604,0,"857.113","-1071.58","90.2693"
605,0,"857.203","-1071.28","90.4981"
606,0,"857.199","-1071.01","90.6337"
607,0,"857.19","-1070.73","90.8996"
608,0,"857.146","-1070.46","91.1463"
609,0,"857.133","-1070.27","91.453"
610,0,"857.146","-1070.15","91.7409"
611,0,"857.123","-1070","92.004"
612,0,"857.175","-1069.8","92.252"
613,0,"857.247","-1069.52","92.4514"
614,0,"857.337","-1069.25","92.6452"
615,0,"857.424","-1069","92.7514"
616,0,"857.527","-1068.81","92.8349"
617,0,"857.574","-1068.64","92.8553"
618,0,"857.522","-1068.41","92.8402"
619,0,"857.415","-1068.16","92.7761"
620,0,"857.227","-1067.97","92.6649"
621,0,"857.068","-1067.84","92.6513"
622,0,"856.927","-1067.71","92.6265"
623,0,"856.839","-1067.56","92.6732"
624,0,"856.831","-1067.41","92.7249"
625,0,"856.872","-1067.27","92.7807"
626,0,"856.939","-1067.17","92.8899"
627,0,"857.034","-1067.12","93.0106"
628,0,"857.15","-1067.13","93.1155"
629,0,"857.305","-1067.17","93.2308"
630,0,"857.366","-1067.21","93.3274"
631,0,"857.412","-1067.25","93.419"
632,0,"857.48","-1067.27","93.5353"
633,0,"857.542","-1067.34","93.6065"
634,0,"857.644","-1067.44","93.7508"
635,0,"857.786","-1067.55","93.9137"
636,0,"857.904","-1067.65","94.1101"
637,0,"858.088","-1067.73","94.3603"
638,0,"858.314","-1067.79","94.5827"
639,0,"858.534","-1067.87","94.8214"
640,0,"858.727","-1067.91","95.0361"
641,0,"858.97","-1067.92","95.2735"
642,0,"859.152","-1067.9","95.5289"
643,0,"859.292","-1067.82","95.7033"
644,0,"859.401","-1067.72","95.8969"
645,0,"859.423","-1067.58","96.0415"
646,0,"859.432","-1067.42","96.2354"
647,0,"859.47","-1067.3","96.4164"
648,0,"859.539","-1067.23","96.6351"
649,0,"859.623","-1067.18","96.9598"
650,0,"859.7","-1067.15","97.2706"
651,0,"859.762","-1067.15","97.6586"
652,0,"859.902","-1067.18","98.0593"
653,0,"860.068","-1067.26","98.54"
654,0,"860.263","-1067.38","99.0559"
655,0,"860.437","-1067.45","99.4492"
656,0,"860.651","-1067.47","99.9542"
657,0,"860.828","-1067.44","100.392"
658,0,"861.126","-1067.41","100.861"
659,0,"861.367","-1067.33","101.261"
660,0,"861.647","-1067.28","101.551"
661,0,"862.016","-1067.23","101.918"
662,0,"862.375","-1067.2","102.258"
663,0,"862.773","-1067.15","102.624"
664,0,"863.21","-1067.08","102.975"
665,0,"863.644","-1066.99","103.27"
666,0,"864.279","-1066.9","103.612"
667,0,"864.878","-1066.82","103.904"
668,0,"865.366","-1066.73","104.076"
669,0,"865.987","-1066.65","104.432"
670,0,"866.675","-1066.54","104.621"
671,0,"867.37","-1066.36","104.838"
672,0,"868.069","-1066.2","105.114"
673,0,"868.823","-1066.04","105.383"
674,0,"869.581","-1065.84","105.579"
675,0,"870.49","-1065.67","105.865"
676,0,"871.466","-1065.42","106.17"
677,0,"872.528","-1065.07","106.433"
678,0,"873.605","-1064.71","106.654"
679,0,"874.884","-1064.25","106.743"
680,0,"876.399","-1063.76","106.896"
681,0,"877.981","-1063.23","106.988"
682,0,"879.8","-1062.61","107.012"
683,0,"881.632","-1061.78","106.796"
684,0,"883.399","-1060.71","106.552"
685,0,"885.19","-1059.49","106.427"
686,0,"886.692","-1058.06","106.318"
687,0,"887.952","-1056.33","106.377"
688,0,"889.184","-1054.07","106.662"
689,0,"890.295","-1051.06","106.873"
690,0,"891.268","-1047.31","107.301"
691,0,"892.197","-1042.77","107.493"
692,0,"893.043","-1037.41","107.858"
693,0,"893.966","-1031.31","108.485"
694,0,"894.69","-1024.59","109.47"
695,0,"895.049","-1017.29","110.593"
696,0,"895.074","-1009.37","111.784"
697,0,"894.89","-1000.93","113.017"
698,0,"894.431","-992.01","114.463"
699,0,"893.662","-982.703","116.14"
700,0,"892.633","-973.098","118.048"
701,0,"891.411","-963.225","120.214"
702,0,"890.087","-953.151","122.686"
703,0,"888.605","-942.931","125.479"
704,0,"886.788","-932.638","128.512"
705,0,"884.78","-922.411","131.772"
706,0,"882.522","-912.215","135.148"
707,0,"880.181","-902.127","138.804"
708,0,"877.611","-892.272","142.34"
709,0,"875.088","-882.677","146.078"
710,0,"872.592","-873.289","149.731"
711,0,"869.969","-864.224","153.259"
712,0,"867.284","-855.516","156.661"
713,0,"864.653","-847.166","159.847"
714,0,"861.919","-839.177","162.705"
715,0,"859.328","-831.565","165.295"
716,0,"856.764","-824.336","167.538"
717,0,"854.126","-817.58","169.47"
718,0,"851.7","-811.322","170.954"
719,0,"849.221","-805.473","171.992"
720,0,"846.808","-800.102","172.494"
721,0,"844.455","-795.198","172.555"
722,0,"841.999","-790.867","171.999"
723,0,"839.629","-786.802","170.742"
724,0,"837.326","-783.037","169.001"
725,0,"835.221","-780.134","166.498"
726,0,"833.08","-778.047","162.755"
727,0,"830.996","-776.477","158.219"
728,0,"829.207","-775.152","153.564"
729,0,"827.769","-773.399","149.222"
730,0,"826.591","-770.321","145.292"
731,0,"825.839","-765.501","142.351"
732,0,"825.771","-760.687","139.763"
733,0,"826.056","-757.241","136.857"
734,0,"826.565","-754.433","133.279"
735,0,"827.251","-751.128","129.681"
736,0,"828.385","-747.33","126.522"
737,0,"829.67","-743.961","123.505"
738,0,"830.856","-741.445","120.518"
739,0,"832.096","-739.276","117.416"
740,0,"833.324","-736.947","114.44"
741,0,"834.468","-734.564","111.784"
742,0,"835.36","-732.481","109.12"
743,0,"835.973","-730.599","106.435"
744,0,"836.202","-728.661","103.841"
745,0,"835.864","-726.795","101.426"
746,0,"835.061","-725.124","99.0351"
747,0,"833.866","-723.685","96.6096"
748,0,"832.594","-722.199","94.3528"
