Frame,Sub Frame,"Reconstruction Position - Unlabeled Track (723)",,
,,"TX","TY","TZ"
Frames,Frames,"mm","mm","mm"
1,0,"429.444","54.9549","1300.99"
2,0,"429.287","54.8826","1300.99"
3,0,"429.116","54.7926","1301"
4,0,"428.945","54.7065","1301.01"
5,0,"428.773","54.6151","1301.01"
6,0,"428.596","54.528","1301.03"
7,0,"428.416","54.4247","1301.04"
8,0,"428.217","54.2862","1301.06"
9,0,"427.998","54.1314","1301.07"
10,0,"427.805","53.9945","1301.07"
11,0,"427.586","53.8363","1301.09"
12,0,"427.388","53.6859","1301.08"
13,0,"427.162","53.5275","1301.09"
14,0,"426.943","53.368","1301.08"
15,0,"426.734","53.2033","1301.06"
16,0,"426.51","53.0324","1301.02"
17,0,"426.272","52.8551","1301.01"
18,0,"426.033","52.6735","1301"
19,0,"425.797","52.475","1300.98"
20,0,"425.558","52.268","1300.96"
21,0,"425.302","52.0632","1300.95"
22,0,"425.056","51.8635","1300.95"
23,0,"424.815","51.6915","1300.95"
24,0,"424.578","51.4966","1300.92"
25,0,"424.313","51.3028","1300.9"
26,0,"424.053","51.1078","1300.87"
27,0,"423.816","50.9176","1300.85"
28,0,"423.601","50.7558","1300.82"
29,0,"423.378","50.5623","1300.78"
30,0,"423.141","50.3686","1300.75"
31,0,"422.916","50.1762","1300.69"
32,0,"422.703","50.0068","1300.65"
33,0,"422.488","49.8405","1300.62"
34,0,"422.319","49.6698","1300.56"
35,0,"422.149","49.5252","1300.51"
36,0,"421.998","49.391","1300.46"
37,0,"421.877","49.2406","1300.39"
38,0,"421.762","49.0955","1300.32"
39,0,"421.652","48.9648","1300.25"
40,0,"421.551","48.8449","1300.19"
41,0,"421.472","48.7383","1300.14"
42,0,"421.404","48.6427","1300.09"
43,0,"421.331","48.5569","1300.06"
44,0,"421.268","48.4782","1300.02"
45,0,"421.223","48.3982","1299.98"
46,0,"421.173","48.3321","1299.93"
47,0,"421.128","48.27","1299.88"
48,0,"421.088","48.2228","1299.81"
49,0,"421.062","48.1944","1299.73"
50,0,"421.022","48.16","1299.65"
51,0,"420.98","48.1263","1299.55"
52,0,"420.94","48.0936","1299.46"
53,0,"420.912","48.0504","1299.34"
54,0,"420.865","48.0116","1299.23"
55,0,"420.833","47.966","1299.12"
56,0,"420.807","47.9308","1299"
57,0,"420.769","47.8894","1298.88"
58,0,"420.731","47.8489","1298.77"
59,0,"420.673","47.8314","1298.66"
60,0,"420.62","47.8183","1298.52"
61,0,"420.54","47.81","1298.41"
62,0,"420.465","47.7986","1298.27"
63,0,"420.372","47.7725","1298.13"
64,0,"420.275","47.7335","1297.99"
65,0,"420.163","47.7232","1297.86"
66,0,"420.04","47.706","1297.72"
67,0,"419.898","47.6915","1297.6"
68,0,"419.721","47.6776","1297.47"
69,0,"419.539","47.6833","1297.33"
70,0,"419.296","47.6871","1297.19"
71,0,"419.039","47.6755","1297.02"
72,0,"418.76","47.668","1296.8"
73,0,"418.372","47.6681","1296.57"
74,0,"417.977","47.6836","1296.27"
75,0,"417.557","47.7066","1295.94"
76,0,"417.082","47.7928","1295.58"
77,0,"416.546","47.894","1295.23"
78,0,"415.934","48.0152","1294.91"
79,0,"415.195","48.2142","1294.64"
80,0,"414.382","48.4905","1294.38"
81,0,"413.502","48.8475","1294.08"
82,0,"412.564","49.2405","1293.72"
83,0,"411.481","49.6585","1293.36"
84,0,"410.388","50.1478","1292.94"
85,0,"409.186","50.7194","1292.47"
86,0,"407.864","51.3316","1291.97"
87,0,"406.497","52.018","1291.41"
88,0,"404.92","52.7878","1290.89"
89,0,"403.315","53.6314","1290.33"
90,0,"401.491","54.5361","1289.83"
91,0,"399.679","55.5188","1289.29"
92,0,"397.777","56.5546","1288.76"
93,0,"395.758","57.6384","1288.23"
94,0,"393.714","58.7737","1287.66"
95,0,"391.575","59.9895","1287.1"
96,0,"389.39","61.2615","1286.51"
97,0,"387.132","62.5875","1285.93"
98,0,"384.799","64.0221","1285.35"
99,0,"382.374","65.5152","1284.84"
100,0,"379.941","67.012","1284.37"
101,0,"377.489","68.5324","1283.97"
102,0,"375.066","70.0284","1283.63"
103,0,"372.631","71.463","1283.4"
104,0,"370.245","72.8746","1283.22"
105,0,"367.866","74.1675","1283.12"
106,0,"365.519","75.4318","1283.09"
107,0,"363.237","76.6291","1283.09"
108,0,"361.006","77.7071","1283.12"
109,0,"358.836","78.685","1283.15"
110,0,"356.735","79.4562","1283.2"
111,0,"354.776","80.1316","1283.25"
112,0,"352.838","80.6188","1283.34"
113,0,"351.026","80.9418","1283.46"
114,0,"349.361","81.1206","1283.54"
115,0,"347.757","81.1264","1283.63"
116,0,"346.236","80.9482","1283.74"
117,0,"344.824","80.5599","1283.85"
118,0,"343.526","79.999","1283.97"
119,0,"342.352","79.2277","1284.11"
120,0,"341.289","78.2466","1284.29"
121,0,"340.353","77.078","1284.44"
122,0,"339.483","75.7449","1284.62"
123,0,"338.672","74.2877","1284.87"
124,0,"337.966","72.6849","1285.12"
125,0,"337.301","71.0048","1285.42"
126,0,"336.727","69.2466","1285.71"
127,0,"336.214","67.4548","1286.01"
128,0,"335.72","65.5718","1286.31"
129,0,"335.337","63.6176","1286.61"
130,0,"334.969","61.562","1286.96"
131,0,"334.74","59.4308","1287.25"
132,0,"334.523","57.1433","1287.55"
133,0,"334.344","54.6938","1287.74"
134,0,"334.242","52.0808","1287.88"
135,0,"334.336","49.4299","1287.94"
136,0,"334.836","46.9499","1288.02"
137,0,"335.265","44.3231","1288.16"
138,0,"335.572","41.2876","1288.24"
139,0,"335.988","38.1492","1288.27"
140,0,"336.458","34.8552","1288.31"
141,0,"337.079","31.4988","1288.32"
142,0,"337.844","28.0905","1288.29"
143,0,"338.69","24.572","1288.23"
144,0,"339.655","20.9619","1288.1"
145,0,"340.761","17.2509","1287.92"
146,0,"341.975","13.3806","1287.69"
147,0,"343.253","9.37047","1287.43"
148,0,"344.626","5.2435","1287.14"
149,0,"346.06","1.00199","1286.81"
150,0,"347.561","-3.36244","1286.46"
151,0,"349.157","-7.84356","1286.12"
152,0,"350.789","-12.4864","1285.76"
153,0,"352.568","-17.2024","1285.35"
154,0,"354.392","-22.1083","1284.9"
155,0,"356.318","-27.1902","1284.39"
156,0,"358.305","-32.4851","1283.84"
157,0,"360.378","-37.9591","1283.23"
158,0,"362.505","-43.5818","1282.52"
159,0,"364.546","-49.2506","1281.86"
160,0,"366.621","-55.2387","1281.06"
161,0,"368.619","-61.4207","1280.21"
162,0,"370.583","-67.775","1279.26"
163,0,"372.489","-74.2782","1278.24"
164,0,"374.303","-80.9377","1277.26"
165,0,"375.963","-87.741","1276.26"
166,0,"377.544","-94.612","1275.29"
167,0,"379.006","-101.466","1274.29"
168,0,"380.36","-108.314","1273.33"
169,0,"381.572","-115.132","1272.41"
170,0,"382.737","-121.823","1271.46"
171,0,"383.775","-128.426","1270.55"
172,0,"384.729","-134.907","1269.66"
173,0,"385.612","-141.248","1268.75"
174,0,"386.445","-147.44","1267.89"
175,0,"387.206","-153.431","1267.04"
176,0,"387.961","-159.23","1266.23"
177,0,"388.603","-164.881","1265.49"
178,0,"389.245","-170.282","1264.73"
179,0,"389.89","-175.476","1264.06"
180,0,"390.498","-180.454","1263.42"
181,0,"391.136","-185.198","1262.79"
182,0,"391.75","-189.728","1262.23"
183,0,"392.341","-194.089","1261.77"
184,0,"392.903","-198.236","1261.33"
185,0,"393.47","-202.214","1260.96"
186,0,"393.957","-206.056","1260.73"
187,0,"394.42","-209.658","1260.54"
188,0,"394.857","-213.123","1260.52"
189,0,"395.253","-216.361","1260.51"
190,0,"395.628","-219.435","1260.63"
191,0,"396","-222.308","1260.73"
192,0,"396.361","-225.038","1260.86"
193,0,"396.704","-227.638","1260.95"
194,0,"397.009","-230.13","1261.02"
195,0,"397.337","-232.526","1261.05"
196,0,"397.634","-234.779","1261.03"
197,0,"397.912","-236.939","1260.98"
198,0,"398.175","-238.949","1260.96"
199,0,"398.437","-240.807","1260.93"
200,0,"398.675","-242.519","1260.89"
201,0,"398.929","-244.038","1260.86"
202,0,"399.213","-245.395","1260.85"
203,0,"399.521","-246.59","1260.84"
204,0,"399.834","-247.666","1260.83"
205,0,"400.167","-248.571","1260.83"
206,0,"400.532","-249.316","1260.84"
207,0,"400.963","-249.862","1260.84"
208,0,"401.417","-250.247","1260.87"
209,0,"401.871","-250.463","1260.93"
210,0,"402.389","-250.507","1260.95"
211,0,"402.888","-250.4","1260.97"
212,0,"403.376","-250.125","1260.96"
213,0,"403.857","-249.712","1260.99"
214,0,"404.328","-249.157","1261.03"
215,0,"404.801","-248.473","1261.11"
216,0,"405.281","-247.567","1261.19"
217,0,"405.771","-246.485","1261.33"
218,0,"406.241","-245.233","1261.51"
219,0,"406.73","-243.785","1261.72"
220,0,"407.226","-242.12","1261.98"
221,0,"407.703","-240.205","1262.3"
222,0,"408.18","-238.007","1262.65"
223,0,"408.675","-235.586","1263.07"
224,0,"409.121","-232.904","1263.56"
225,0,"409.546","-230.014","1264.07"
226,0,"409.984","-226.877","1264.58"
227,0,"410.403","-223.565","1265.15"
228,0,"410.825","-220.083","1265.76"
229,0,"411.304","-216.432","1266.37"
230,0,"411.747","-212.653","1267.02"
231,0,"412.25","-208.723","1267.64"
232,0,"412.715","-204.693","1268.3"
233,0,"413.196","-200.613","1268.97"
234,0,"413.686","-196.403","1269.58"
235,0,"414.127","-192.07","1270.16"
236,0,"414.565","-187.589","1270.66"
237,0,"414.988","-182.924","1271.06"
238,0,"415.381","-178.064","1271.41"
239,0,"415.765","-172.978","1271.67"
240,0,"416.157","-167.694","1271.86"
241,0,"416.56","-162.217","1272"
242,0,"416.956","-156.514","1272.11"
243,0,"417.354","-150.576","1272.18"
244,0,"417.762","-144.444","1272.23"
245,0,"418.193","-138.109","1272.26"
246,0,"418.657","-131.567","1272.25"
247,0,"419.098","-124.795","1272.26"
248,0,"419.574","-117.832","1272.27"
249,0,"420.073","-110.634","1272.33"
250,0,"420.613","-103.215","1272.44"
251,0,"421.181","-95.5477","1272.66"
252,0,"421.807","-87.6511","1272.93"
253,0,"422.456","-79.5087","1273.29"
254,0,"423.135","-71.1409","1273.72"
255,0,"423.855","-62.5388","1274.2"
256,0,"424.615","-53.7066","1274.77"
257,0,"425.476","-44.5574","1275.39"
258,0,"426.406","-35.1095","1276.07"
259,0,"427.413","-25.3336","1276.88"
260,0,"428.504","-15.2547","1277.74"
261,0,"429.639","-4.88968","1278.65"
262,0,"430.829","5.75959","1279.62"
263,0,"432.089","16.7044","1280.65"
264,0,"433.444","27.8786","1281.79"
265,0,"434.901","39.3644","1283.01"
266,0,"436.505","51.0823","1284.34"
267,0,"438.232","63.0666","1285.72"
268,0,"440.079","75.2587","1287.15"
269,0,"442.061","87.6133","1288.59"
270,0,"444.175","100.141","1290.02"
271,0,"446.443","112.803","1291.42"
272,0,"448.845","125.605","1292.76"
273,0,"451.366","138.53","1294.03"
274,0,"454.041","151.559","1295.19"
275,0,"456.845","164.651","1296.27"
276,0,"459.81","177.788","1297.29"
277,0,"462.95","190.964","1298.22"
278,0,"466.269","204.158","1299.03"
279,0,"469.743","217.345","1299.71"
280,0,"473.411","230.463","1300.26"
281,0,"477.266","243.444","1300.7"
282,0,"481.305","256.267","1301.02"
283,0,"485.512","268.924","1301.25"
284,0,"489.891","281.429","1301.31"
285,0,"494.444","293.818","1301.15"
286,0,"499.18","306.018","1300.75"
287,0,"504.047","317.971","1300.13"
288,0,"509.012","329.66","1299.29"
289,0,"514.028","341.107","1298.28"
290,0,"519.131","352.286","1297.06"
291,0,"524.239","363.112","1295.67"
292,0,"529.394","373.542","1294.13"
293,0,"534.594","383.423","1292.48"
294,0,"539.848","392.862","1290.74"
295,0,"545.184","401.946","1288.92"
296,0,"550.553","410.742","1286.91"
297,0,"556.055","419.28","1284.66"
298,0,"561.563","427.573","1282.19"
299,0,"567.004","435.591","1279.46"
300,0,"572.298","443.251","1276.49"
301,0,"577.445","450.657","1273.24"
302,0,"582.656","457.88","1269.61"
303,0,"587.963","464.944","1265.6"
304,0,"593.401","471.822","1261.32"
305,0,"599.032","478.442","1256.83"
306,0,"604.753","484.754","1252.07"
307,0,"610.555","490.764","1247.01"
308,0,"616.271","496.467","1241.65"
309,0,"621.742","501.776","1235.97"
310,0,"626.928","506.693","1229.96"
311,0,"631.931","511.349","1223.67"
312,0,"636.849","515.826","1217.06"
313,0,"641.548","520.172","1210.06"
314,0,"646.606","524.244","1203.12"
315,0,"651.231","528.167","1195.74"
316,0,"656.097","531.846","1188.44"
317,0,"660.796","535.362","1180.87"
318,0,"665.637","538.632","1172.91"
319,0,"670.373","541.663","1164.78"
320,0,"674.85","544.662","1156.66"
321,0,"679.125","547.508","1148.45"
322,0,"683.195","550.176","1140.14"
323,0,"687.073","552.687","1131.71"
324,0,"690.77","555.019","1123.25"
325,0,"694.16","557.259","1114.82"
326,0,"696.912","559.296","1105.98"
327,0,"699.908","561.023","1097.55"
328,0,"702.263","562.678","1088.94"
329,0,"704.753","564.086","1080.62"
330,0,"706.826","565.574","1072.36"
331,0,"708.832","566.834","1064.08"
332,0,"710.75","567.937","1055.91"
333,0,"712.647","568.902","1048.03"
334,0,"714.445","569.677","1040.35"
335,0,"716.18","570.239","1032.98"
336,0,"717.771","570.613","1025.81"
337,0,"719.309","570.845","1018.98"
338,0,"720.703","570.933","1012.4"
339,0,"721.982","570.904","1006.12"
340,0,"723.076","570.744","1000.15"
341,0,"723.987","570.463","994.498"
342,0,"724.688","570.04","989.193"
343,0,"725.366","569.362","984.196"
344,0,"725.704","568.839","979.71"
345,0,"725.817","568.291","975.585"
346,0,"725.675","567.665","971.8"
347,0,"725.235","567.006","968.271"
348,0,"724.521","566.235","964.919"
349,0,"724.147","565.212","962.151"
350,0,"723.772","564.041","959.749"
351,0,"723.379","562.797","957.836"
352,0,"722.962","561.47","956.348"
353,0,"722.44","560.116","955.24"
354,0,"721.921","558.704","954.613"
355,0,"721.279","557.258","954.399"
356,0,"720.51","555.765","954.594"
357,0,"719.63","554.192","955.288"
358,0,"718.53","552.539","956.335"
359,0,"717.279","550.828","957.758"
360,0,"715.911","549.053","959.529"
361,0,"714.45","547.156","961.655"
362,0,"712.929","545.256","964.209"
363,0,"711.405","543.297","967.238"
364,0,"709.968","541.3","970.765"
365,0,"708.538","539.207","974.69"
366,0,"707.187","537.186","979.149"
367,0,"705.886","534.817","983.682"
368,0,"704.525","532.281","988.513"
369,0,"703.106","529.542","993.565"
370,0,"701.668","526.593","998.821"
371,0,"700.19","523.44","1004.23"
372,0,"698.519","520.132","1009.62"
373,0,"697.254","516.663","1015.45"
374,0,"695.802","513.058","1021.1"
375,0,"694.377","509.224","1026.72"
376,0,"693.2","505.18","1032.45"
377,0,"692.031","500.918","1038.06"
378,0,"690.957","496.477","1043.54"
379,0,"690.157","491.813","1049.02"
380,0,"689.634","487.018","1054.64"
381,0,"689.135","482.018","1059.96"
382,0,"688.868","476.733","1065.27"
383,0,"688.804","470.71","1070.46"
384,0,"688.692","464.521","1075.38"
385,0,"688.682","457.647","1080.09"
386,0,"688.878","450.747","1084.58"
387,0,"689.621","443.302","1088.87"
388,0,"690.899","435.597","1092.93"
389,0,"692.524","427.677","1096.96"
390,0,"694.324","419.61","1101.16"
391,0,"696.1","411.446","1105.56"
392,0,"697.594","403.125","1109.97"
393,0,"698.708","394.534","1114.37"
394,0,"699.466","385.554","1118.8"
395,0,"699.899","376.159","1123.24"
396,0,"700.052","366.368","1127.65"
397,0,"699.817","356.136","1132.11"
398,0,"699.124","345.17","1136.68"
399,0,"698.166","333.662","1141.87"
400,0,"697.412","321.847","1148.12"
401,0,"696.44","309.483","1155.12"
402,0,"695.187","296.305","1162.99"
403,0,"693.844","282.368","1171.78"
404,0,"692.54","267.678","1181.22"
405,0,"691.417","252.186","1191.13"
406,0,"690.449","235.804","1201.67"
407,0,"689.659","218.281","1212.94"
408,0,"688.945","199.981","1224.78"
409,0,"689.666","180.662","1237.81"
410,0,"690.196","160.737","1251.4"
411,0,"691.231","140.331","1265.4"
412,0,"690.224","117.053","1281.67"
413,0,"691.968","94.7339","1297.5"
414,0,"694.457","72.8719","1313.26"
415,0,"696.837","49.8506","1329.76"
416,0,"700.228","27.0383","1346.51"
417,0,"704.467","4.75987","1363.19"
418,0,"709.848","-16.4753","1379.54"
419,0,"715.401","-37.2686","1395.78"
420,0,"721.524","-56.5101","1412.22"
421,0,"727.117","-76.6227","1429.37"
422,0,"732.78","-96.6449","1447.37"
423,0,"738.018","-116.807","1465.28"
424,0,"742.668","-137.5","1483.23"
425,0,"747.368","-158.692","1502.02"
426,0,"753.175","-177.101","1518.81"
427,0,"757.886","-199.308","1536.21"
428,0,"763.002","-221.539","1552.79"
429,0,"767.555","-243.543","1569.07"
430,0,"774.375","-269.281","1585.03"
431,0,"779.468","-294.091","1600.36"
432,0,"784.073","-321.817","1614.42"
433,0,"791.821","-350.848","1626.3"
434,0,"nan","nan","nan"
435,0,"nan","nan","nan"
436,0,"nan","nan","nan"
437,0,"nan","nan","nan"
438,0,"nan","nan","nan"
439,0,"nan","nan","nan"
440,0,"nan","nan","nan"
441,0,"874.023","-536.34","1659.02"
442,0,"884.762","-554.361","1657.97"
443,0,"895.173","-571.296","1656.28"
444,0,"905.246","-588.521","1653.68"
445,0,"914.747","-604.805","1650.11"
446,0,"924.153","-620.457","1645.39"
447,0,"933.67","-635.473","1639.56"
448,0,"943.29","-649.865","1632.72"
449,0,"953.122","-663.614","1624.89"
450,0,"963.35","-676.583","1616.07"
451,0,"974.003","-688.529","1606.15"
452,0,"984.689","-699.397","1595.8"
453,0,"994.213","-709.305","1585.77"
454,0,"1000.62","-718.133","1575.89"
455,0,"1001.99","-724.581","1565.06"
456,0,"1005.49","-735.078","1560.37"
457,0,"1005.84","-743.345","1555.38"
458,0,"1009.37","-755.877","1553.58"
459,0,"1011","-767.643","1548.18"
460,0,"1012.24","-779.568","1540.99"
461,0,"1013.24","-791.633","1532.24"
462,0,"1014.18","-804.15","1521.98"
463,0,"1015.13","-817.149","1510.11"
464,0,"1016.08","-830.574","1496.47"
465,0,"1017.16","-844.251","1481.09"
466,0,"1018.7","-858.061","1463.89"
467,0,"1020.78","-871.688","1444.46"
468,0,"1023.28","-885.952","1423.24"
469,0,"1025.44","-899.909","1399.37"
470,0,"nan","nan","nan"
471,0,"1029.42","-929.72","1348.55"
472,0,"nan","nan","nan"
473,0,"nan","nan","nan"
474,0,"1033.23","-975.617","1267.1"
475,0,"1035.06","-991.351","1239.49"
476,0,"1036.24","-1007.07","1211.72"
477,0,"1038.27","-1023.4","1183.41"
478,0,"1039.22","-1039","1155.11"
479,0,"1040.34","-1054.4","1126.8"
480,0,"1041.8","-1069.65","1098.9"
481,0,"1042.81","-1083.89","1073.23"
482,0,"1041.37","-1093.34","1055.37"
483,0,"nan","nan","nan"
484,0,"1040.43","-1104.17","1030.56"
485,0,"nan","nan","nan"
486,0,"1046.41","-1111.93","1006.09"
487,0,"1050.32","-1117.79","998.197"
488,0,"1053.31","-1122.93","991.029"
489,0,"1055.72","-1128.37","984.968"
490,0,"1057.34","-1134.25","979.939"
491,0,"1057.81","-1140.5","976.031"
492,0,"1057.26","-1147.1","972.929"
493,0,"1056.3","-1153.88","970.244"
494,0,"1056.62","-1160.85","968.494"
495,0,"1057.91","-1167.86","968.252"
496,0,"1059.1","-1174.93","968.905"
497,0,"1060.25","-1181.94","970.196"
498,0,"1061.46","-1188.79","972.09"
499,0,"1062.74","-1195.48","974.625"
500,0,"1063.82","-1201.91","977.611"
501,0,"1064.75","-1208.2","981.101"
502,0,"1065.41","-1214.34","984.96"
503,0,"1065.71","-1220.26","989.153"
504,0,"1065.61","-1226.07","993.743"
505,0,"1065.12","-1231.75","998.718"
506,0,"1064.25","-1237.31","1004.08"
507,0,"1063.11","-1242.69","1009.87"
508,0,"1061.71","-1247.9","1016.12"
509,0,"1060.04","-1252.95","1022.83"
510,0,"1058.11","-1257.8","1030.03"
511,0,"1055.9","-1262.53","1037.77"
512,0,"1053.4","-1267.02","1046.01"
513,0,"1050.69","-1271.3","1054.83"
514,0,"1047.89","-1275.41","1064.22"
515,0,"1044.93","-1279.26","1074.06"
516,0,"1041.83","-1283.03","1084.3"
517,0,"1038.55","-1286.68","1094.75"
518,0,"1035.05","-1290.2","1105.24"
519,0,"1031.46","-1293.94","1115.82"
520,0,"1027.69","-1297.65","1126.27"
521,0,"1023.81","-1301.29","1136.48"
522,0,"1019.77","-1304.76","1146.47"
523,0,"1015.63","-1308.07","1156.19"
524,0,"1011.41","-1311.21","1165.61"
525,0,"1007.12","-1314.21","1174.6"
526,0,"1002.81","-1317.12","1183.05"
527,0,"998.467","-1319.94","1190.92"
528,0,"1014.7","-1303.71","1176.8"
529,0,"989.868","-1325.5","1204.71"
530,0,"985.583","-1328.29","1210.5"
531,0,"981.284","-1331.14","1215.53"
532,0,"977.008","-1334.08","1219.75"
533,0,"972.692","-1337.04","1223.27"
534,0,"968.344","-1340","1226.14"
535,0,"964.05","-1342.84","1228.45"
536,0,"959.924","-1345.53","1230.23"
537,0,"956.042","-1348.01","1231.45"
538,0,"952.379","-1350.32","1232.14"
539,0,"948.896","-1352.5","1232.24"
540,0,"945.497","-1354.55","1231.79"
541,0,"942.158","-1356.55","1230.76"
542,0,"938.803","-1358.46","1229.18"
543,0,"935.469","-1360.24","1227.11"
544,0,"932.164","-1361.81","1224.62"
545,0,"928.911","-1363.06","1221.78"
546,0,"925.854","-1363.88","1218.72"
547,0,"923.06","-1364.26","1215.53"
548,0,"920.649","-1364.08","1212.4"
549,0,"918.768","-1363.22","1209.74"
550,0,"917.409","-1361.57","1207.59"
551,0,"916.519","-1359.32","1205.75"
552,0,"915.961","-1356.74","1204.02"
553,0,"916.086","-1354.26","1202.66"
554,0,"917.232","-1352.07","1202.28"
555,0,"918.613","-1349.81","1202.79"
556,0,"919.825","-1347.78","1204.49"
557,0,"919.937","-1346.74","1207.08"
558,0,"918.161","-1346.67","1210.44"
559,0,"915.539","-1346.45","1213.96"
560,0,"912.788","-1345.92","1217.45"
561,0,"910.201","-1345.18","1221.08"
562,0,"907.875","-1344.67","1225.38"
563,0,"905.616","-1344.08","1229.83"
564,0,"903.346","-1343.22","1234.17"
565,0,"901.152","-1342.15","1238.37"
566,0,"899.152","-1340.94","1242.47"
567,0,"897.37","-1339.61","1246.5"
568,0,"895.821","-1338.17","1250.34"
569,0,"894.491","-1336.51","1253.99"
570,0,"nan","nan","nan"
571,0,"nan","nan","nan"
572,0,"891.485","-1330.53","1264.03"
573,0,"890.701","-1328.24","1267.06"
574,0,"890.003","-1325.81","1269.91"
575,0,"889.371","-1323.25","1272.53"
576,0,"888.784","-1320.58","1274.85"
577,0,"888.262","-1317.8","1276.93"
578,0,"887.815","-1314.9","1278.65"
579,0,"887.474","-1312.07","1280.27"
580,0,"887.202","-1308.97","1281.21"
581,0,"886.986","-1305.83","1281.9"
582,0,"886.87","-1302.59","1282.24"
583,0,"886.785","-1299.25","1282.24"
584,0,"886.734","-1295.82","1281.91"
585,0,"886.697","-1292.3","1281.25"
586,0,"886.6","-1288.72","1280.27"
587,0,"886.462","-1285.04","1278.85"
588,0,"886.219","-1281.29","1277.04"
589,0,"885.891","-1277.51","1274.91"
590,0,"885.56","-1273.84","1272.54"
591,0,"885.294","-1270.19","1269.92"
592,0,"885.165","-1266.5","1267.11"
593,0,"885.22","-1262.81","1264.37"
594,0,"885.493","-1259.25","1261.9"
595,0,"885.831","-1255.82","1259.88"
596,0,"886.123","-1252.43","1258.45"
597,0,"886.428","-1249.12","1257.7"
598,0,"886.829","-1245.96","1257.62"
599,0,"887.331","-1242.96","1258.19"
600,0,"887.846","-1240.14","1259.25"
601,0,"888.289","-1237.44","1260.58"
602,0,"888.817","-1234.93","1262.18"
603,0,"889.566","-1232.59","1264"
604,0,"890.583","-1230.41","1265.91"
605,0,"891.847","-1228.37","1267.94"
606,0,"893.303","-1226.44","1270.05"
607,0,"894.871","-1224.47","1272.06"
608,0,"896.496","-1222.67","1274.44"
609,0,"898.149","-1220.9","1276.87"
610,0,"899.74","-1219.15","1279.41"
611,0,"901.278","-1217.41","1282.05"
612,0,"902.774","-1215.66","1284.57"
613,0,"904.25","-1213.9","1287.06"
614,0,"905.671","-1212.09","1289.47"
615,0,"907.053","-1210.31","1291.83"
616,0,"908.406","-1208.47","1294.12"
617,0,"909.727","-1206.63","1296.33"
618,0,"911.001","-1204.78","1298.5"
619,0,"912.245","-1202.85","1300.63"
620,0,"913.537","-1200.82","1302.72"
621,0,"914.864","-1198.63","1304.84"
622,0,"916.215","-1196.29","1307.03"
623,0,"917.6","-1193.93","1309.36"
624,0,"918.953","-1191.55","1311.75"
625,0,"920.264","-1189.15","1313.96"
626,0,"921.562","-1186.76","1316.08"
627,0,"922.936","-1184.45","1317.94"
628,0,"924.415","-1182.22","1319.46"
629,0,"926.043","-1180.16","1320.73"
630,0,"927.897","-1178.31","1321.73"
631,0,"929.977","-1176.65","1322.63"
632,0,"932.177","-1175.2","1323.43"
633,0,"934.436","-1173.92","1324.18"
634,0,"936.716","-1172.8","1324.9"
635,0,"939.041","-1171.83","1325.5"
636,0,"941.45","-1171.01","1325.96"
637,0,"943.954","-1170.33","1326.34"
638,0,"946.53","-1169.77","1326.62"
639,0,"949.161","-1169.3","1326.88"
640,0,"951.77","-1168.83","1327.12"
641,0,"954.344","-1168.29","1327.43"
642,0,"956.812","-1167.68","1327.69"
643,0,"959.233","-1167","1328.01"
644,0,"961.558","-1166.23","1328.3"
645,0,"963.826","-1165.38","1328.64"
646,0,"966.034","-1164.48","1328.99"
647,0,"968.197","-1163.54","1329.42"
648,0,"970.34","-1162.58","1329.85"
649,0,"972.498","-1161.65","1330.32"
650,0,"974.66","-1160.77","1330.83"
651,0,"976.842","-1159.96","1331.37"
652,0,"978.995","-1159.19","1331.94"
653,0,"981.132","-1158.42","1332.53"
654,0,"983.219","-1157.68","1333.12"
655,0,"985.287","-1156.98","1333.78"
656,0,"987.294","-1156.29","1334.39"
657,0,"989.284","-1155.71","1335.06"
658,0,"991.196","-1155.12","1335.69"
659,0,"993.114","-1154.56","1336.25"
660,0,"994.987","-1154.03","1336.8"
661,0,"996.876","-1153.54","1337.27"
662,0,"998.712","-1153.02","1337.75"
663,0,"1000.51","-1152.49","1338.17"
664,0,"1002.17","-1151.95","1338.63"
665,0,"1003.67","-1151.36","1339.07"
666,0,"1005.14","-1150.71","1339.49"
667,0,"1006.64","-1150.01","1339.89"
668,0,"1008.16","-1149.16","1340.19"
669,0,"1009.66","-1148.23","1340.49"
670,0,"1011.15","-1147.22","1340.77"
671,0,"1012.59","-1146.14","1341.05"
672,0,"1014.01","-1145.05","1341.34"
673,0,"1015.43","-1143.97","1341.68"
674,0,"1016.83","-1142.9","1342.09"
675,0,"1018.2","-1141.77","1342.48"
676,0,"1019.53","-1140.65","1342.91"
677,0,"1020.82","-1139.44","1343.29"
678,0,"1022.03","-1138.2","1343.66"
679,0,"1023.2","-1136.92","1344.08"
680,0,"1024.28","-1135.6","1344.51"
681,0,"1025.29","-1134.22","1344.96"
682,0,"1026.22","-1132.8","1345.41"
683,0,"1027.1","-1131.32","1345.85"
684,0,"1027.89","-1129.75","1346.23"
685,0,"1028.57","-1128.09","1346.59"
686,0,"1029.08","-1126.31","1346.91"
687,0,"1029.46","-1124.42","1347.22"
688,0,"1029.67","-1122.4","1347.48"
689,0,"1029.7","-1120.25","1347.66"
690,0,"1029.78","-1118.19","1347.98"
691,0,"1029.49","-1115.81","1348.05"
692,0,"1029","-1113.35","1348.09"
693,0,"1028.34","-1110.79","1348.05"
694,0,"1027.33","-1108.15","1348.08"
695,0,"1026.42","-1105.44","1347.88"
696,0,"1025.42","-1102.75","1347.67"
697,0,"1024.31","-1099.97","1347.33"
698,0,"1023.06","-1097.12","1346.92"
699,0,"1021.7","-1094.19","1346.51"
700,0,"1020.18","-1091.16","1346.06"
701,0,"1018.56","-1087.98","1345.54"
702,0,"1016.81","-1084.67","1345.01"
703,0,"1014.96","-1081.29","1344.51"
704,0,"1013","-1077.78","1343.99"
705,0,"1010.9","-1074.18","1343.42"
706,0,"1008.78","-1070.5","1342.86"
707,0,"1006.55","-1066.75","1342.23"
708,0,"1004.26","-1062.97","1341.57"
709,0,"1001.86","-1059.08","1340.84"
710,0,"999.376","-1055.13","1340.01"
711,0,"996.875","-1051.1","1339.2"
712,0,"994.236","-1046.98","1338.36"
713,0,"991.612","-1043.09","1337.91"
714,0,"988.831","-1038.76","1337.04"
715,0,"986","-1034.33","1336.14"
716,0,"983.091","-1029.79","1335.21"
717,0,"980.06","-1025.18","1334.17"
718,0,"976.93","-1020.49","1333.03"
719,0,"973.669","-1015.78","1331.75"
720,0,"970.314","-1011","1330.35"
721,0,"966.794","-1006.27","1328.84"
722,0,"963.128","-1001.59","1327.2"
723,0,"959.207","-997.158","1325.36"
724,0,"955.398","-992.216","1323.3"
725,0,"952.022","-986.307","1321.76"
726,0,"948.09","-981.302","1319.96"
727,0,"943.988","-975.782","1318.15"
728,0,"939.795","-971.072","1316.42"
729,0,"935.544","-966.157","1314.65"
730,0,"931.149","-961.286","1312.78"
731,0,"926.677","-956.488","1310.84"
732,0,"922.081","-951.87","1308.76"
733,0,"917.401","-947.447","1306.52"
734,0,"912.68","-943.24","1304.17"
735,0,"907.867","-939.253","1301.78"
736,0,"903.025","-935.434","1299.37"
737,0,"898.106","-931.72","1297.08"
738,0,"893.23","-927.972","1294.93"
739,0,"888.757","-924.188","1292.66"
740,0,"883.341","-920.373","1291.05"
741,0,"878.071","-916.41","1289.66"
742,0,"872.691","-912.298","1288.45"
743,0,"867.024","-908.21","1287.52"
744,0,"862.639","-903.222","1285.34"
745,0,"856.926","-899.015","1284.54"
746,0,"851.259","-894.811","1283.83"
747,0,"845.58","-890.667","1283.18"
748,0,"840.039","-886.574","1282.55"